"tc_bin","tc_threat_composite","delta_norm","size"
1,0,78.905292275869,269.03747209694
2,0,65.3752887722347,1.64359152512473
3,1.16529919988309e-06,65.0071067974658,2.86897531448915
4,2.48130913844056e-05,58.5432430798503,81.9453014109802
5,0.000115436729993973,78.3981789636319,29.6641349244061
6,0.000308059554382101,52.2715525775649,943.941776829843
7,0.00052442608216508,51.0535243871604,107.245291204715
8,0.000919870716277434,47.199475170023,511.861889543584
9,0.00137325542959757,67.8895258896,2150.07901213297
10,0.00186237904795352,58.755968606198,759.873278572311
11,0.00236801406112982,51.3993943894639,624.123302603609
12,0.00294713367342821,38.3600127799298,963.759015490288
13,0.0034422150604043,25.5016780364222,1233.02647927749
14,0.00402956985259112,29.0994935000182,2087.51221615791
15,0.00465063566440518,21.3965759913052,4648.74285420168
16,0.00517348371675045,52.2131021586984,4175.74529610204
17,0.00579764289209257,34.4075252947663,2763.99227450177
18,0.00647741839105379,45.4017188334265,2123.58532814876
19,0.00716081645221689,28.0898983372594,769.68151631116
20,0.00778257286748183,23.4364703755045,681.981179580805
21,0.00843816251986343,25.6774750193026,903.326910788052
22,0.00909867369856419,30.2841851215736,1890.84989902216
23,0.00974196926182809,24.3138887713957,716.554828516039
24,0.010418982122063,22.9156825768852,2764.64335383371
25,0.0110432769750259,25.9332878145217,501.842642828319
26,0.011687502297683,23.825749207132,713.504708848648
27,0.012319504197387,20.4640038152617,2641.8369363466
28,0.0129647234781074,29.4252667930258,1163.40253024195
29,0.0135730467373918,20.8302545092592,395.665067312347
30,0.0141547056166054,10.0938839774494,595.072424648931
31,0.0147613398051556,22.8518805508246,1622.80654058372
32,0.0154562934736636,11.7686388492992,1206.73222670581
33,0.0160349352394746,17.4515345195306,758.491126484145
34,0.0165319698279721,32.7033798793047,415.909825095941
35,0.0170789313338176,14.6102756955345,763.670708065084
36,0.017731526571934,14.2638932508777,693.180600926902
37,0.0183652391068376,-2.09082626392988,519.042680959087
38,0.0189405489608403,16.1590493713176,252.475566481234
39,0.0195828579404078,14.2516453181647,424.07092954277
40,0.0203611596039683,10.1681300572081,458.467739640112
41,0.0210440822243426,5.64956267593049,287.50327833211
42,0.021654145407912,3.80048189731992,1288.7102392691
43,0.0224480067884917,16.8666737375825,228.009175433957
44,0.0231430813418812,11.2444903398475,1096.4880470853
45,0.0237504361443375,13.894741647181,480.887248702635
46,0.0242577562862805,12.5146231054714,431.521339067431
47,0.0247743030626858,34.2801411708303,136.649324662129
48,0.0252626733016454,24.0105715664628,2585.2886492223
49,0.0257307995255996,21.8084972222306,377.169692922725
50,0.0262773597071712,23.1945653594318,1098.9265154568
51,0.0269590624697437,41.5218879989798,697.382731227033
52,0.0275456998975381,25.390465825291,172.052576555449
53,0.0281863989014609,20.5893267383375,526.300639271814
54,0.0288734704828886,19.458302000192,353.930746549116
55,0.0294613045620227,17.8340702897372,505.675789436408
56,0.03012522146524,15.1021948760932,549.217666032785
57,0.0307484231862901,-0.369622980039948,559.135858292061
58,0.0312708242723658,11.3884723655348,2194.18562858864
59,0.0319181479680425,21.2948538825937,125.346516866154
60,0.0324391011539153,28.0869680938599,679.373944809142
61,0.032962125877822,6.4065846690776,1344.51324401034
62,0.0335428612728796,-5.87841034786595,287.932054243512
63,0.0340321685143049,17.0379749541879,552.107869685409
64,0.0345547455810975,10.0464679748911,430.229017726242
65,0.0349770605654213,10.8328330130965,703.489287566961
66,0.0355721633742345,17.3988691257387,210.547388267638
67,0.0361800202380909,1.80493591055753,297.540275569962
68,0.0368688173472139,9.87840418262579,116.87574936017
69,0.0374724024534251,4.37515231182279,465.10518508266
70,0.0380569366314715,17.7990124691663,387.765919328302
71,0.0386369846690754,42.8127254939522,954.699278639251
72,0.0392595611312684,26.3418776993762,1346.03491816936
73,0.0399331701989856,21.7931412445313,507.696823520623
74,0.0406270674735173,18.6668630812395,95.1023387226358
75,0.0412457042313353,22.816136607811,155.014958528284
76,0.0417743192703201,7.80649676606875,350.529967473035
77,0.0422814285940093,42.3182824918016,1283.48636977128
78,0.0427801245280545,28.6213726135757,311.569568865335
79,0.0432219670135669,-7.41749177751599,351.264639634143
80,0.0437638722228124,33.4519395447766,441.112279693734
81,0.0444103335151938,16.4973111407471,312.796809949895
82,0.045199332014306,-9.19660363530534,348.044941672224
83,0.0458803648914827,4.72631516758619,305.200671307219
84,0.0465025476115328,2.15375127121333,656.076313505972
85,0.0471625470978996,1.14773323186433,330.563019994866
86,0.0478187221111909,4.88111307929246,145.175324169823
87,0.0484204624337523,4.07214323148651,484.238380172989
88,0.048963589957183,23.759839047066,218.155423551963
89,0.0493767024631824,1.86675788471528,329.339385406429
90,0.0497593427284087,21.7006208122564,74.115754879365
91,0.0502265100169257,11.7670135755911,123.434618762258
92,0.0506945858245476,15.8220771166841,126.143516325701
93,0.0512847684466524,5.31993057063627,131.67133327401
94,0.0518951197842952,9.25481312005327,263.112211687217
95,0.0524453303913125,19.8420488744523,345.783240348449
96,0.0529751390133325,6.30245662724588,77.2587264371625
97,0.053502362408075,20.8487469381311,45.2273455851666
98,0.0540320247691459,21.1344547191607,968.888727250987
99,0.0547062469400055,11.3070911794946,71.5896710402718
100,0.0552308129882082,4.45632019627104,931.319087859308
101,0.0559852274987148,-0.786526747629622,181.642346568337
102,0.056557860450971,-4.54273008640847,874.668923822598
103,0.0571086415259484,-6.27517161507366,266.310378579933
104,0.0576412849585323,17.0770525562645,157.539146172705
105,0.0582404972826164,-12.2541478754721,163.999519516944
106,0.0589843370027525,21.5950740537198,704.876157752521
107,0.0596617951513476,-1.27137076701384,86.7008516290654
108,0.0603057933325873,-2.98343149626563,270.628408818023
109,0.0609675221456903,-2.41550117206293,745.46007090663
110,0.0614868845328328,-22.7139117009619,94.4986269944036
111,0.0620457998313206,-7.57640497904523,35.9419477363688
112,0.0626745923874094,-3.3074741874756,860.125960267769
113,0.0633880204621531,9.59487643885691,79.5308359769145
114,0.0641374842620258,39.3733953679435,54.7662812726964
115,0.0646872579440316,-7.80128490060117,208.794822140632
116,0.0654176931246214,-16.0621307922711,442.855510866035
117,0.0661460798687919,-14.7263759586428,78.8693984476055
118,0.0668364607204998,-6.51895258548425,84.0708634131384
119,0.067492275449148,-18.371557118959,115.469789256442
120,0.0682201678974092,2.32870732781823,1212.93056130881
121,0.0688921653114112,-26.199904937185,101.389302963987
122,0.0696161841825847,6.61660091336666,96.1042798119235
123,0.0702956812212912,10.9723635764154,408.123750075871
124,0.0710892386305333,1.49841188125013,145.890260657421
125,0.0716971505018845,7.44925422150813,103.3620434496
126,0.0723904204292532,-15.0055651274697,252.320029371982
127,0.0730844630365841,-9.12128979589736,63.6481637124364
128,0.0737192228192942,-18.5918699440481,155.674467312787
129,0.0742360373643436,-11.9174824678096,47.4260093702731
130,0.0748781964766604,-16.7646297610427,605.520115357105
131,0.0756344545149331,0.280823000685913,169.619440221195
132,0.0762785788195244,10.3145071311398,361.875192731897
133,0.0768765599965093,-6.68360519882118,105.251793657299
134,0.077661200174707,-43.7917306227928,226.192088151757
135,0.0782679919203411,-2.59312850389485,242.945091698474
136,0.0789530420794903,-10.5462333902005,178.343857227937
137,0.0795911425075164,-18.3453694294696,194.146789093528
138,0.080241971741225,7.46755585258037,175.500504977857
139,0.0808599904207774,-40.5460575569114,664.849866541948
140,0.0815088702024237,-38.3656299006385,130.131966174462
141,0.0820080006510041,-11.3664888701525,100.632233693221
142,0.0826292567638864,-20.3242470830198,836.371893816581
143,0.0833355841153633,-34.5267962442562,137.654693616591
144,0.0840668268246842,-19.9387650002839,147.889108877037
145,0.084810842222447,-16.318392224405,130.268048311368
146,0.0854728901716299,-34.3349465304199,203.55195029254
147,0.0861680593821796,-10.2168300106325,367.717747240237
148,0.0868039713729306,11.1289866895819,69.5644364779008
149,0.0874637731950715,2.64844778756601,692.610604096275
150,0.0881281423937291,-28.8599059346884,86.7487989618506
151,0.0888645365144997,-7.0739327662988,120.994208255754
152,0.0895017500977531,-20.2550850523641,1901.91928609264
153,0.0902925635129616,-25.8074095634693,105.123515231639
154,0.0909074951390755,-9.78503357107804,42.4996196725636
155,0.0914885451451315,-36.4500063547465,58.2810205128647
156,0.0921889208433481,-20.9119039759189,232.637138751467
157,0.0929938151721987,-31.3545184869307,196.55151392354
158,0.0937782535750232,-7.10159038072853,594.711276788378
159,0.0944303856991325,-6.47555721718857,69.7143553244217
160,0.0951031418960409,-18.7824675501959,209.634863926488
161,0.0958692323959773,-10.3720165526629,160.972981136196
162,0.0967091523239014,-44.7028683810481,439.972680353436
163,0.0973382345307195,-27.3950243107223,109.831151010518
164,0.0979783371060318,-42.8399086427994,535.656531162715
165,0.098745380400619,-45.5215638576719,77.015097174287
166,0.0995743791144655,-51.2102422695779,119.813586897775
167,0.100291848414296,-39.5982367578291,47.5505706990803
168,0.100934631187423,-19.4325541893714,48.7147468021789
169,0.101579207660823,-31.0347198024238,50.2065525223459
170,0.102364603418329,-54.4651547662869,97.3787219510661
171,0.103073306392943,-22.4601358053049,127.370921353566
172,0.103748425049751,-29.9344819281431,56.8554295843756
173,0.10444943879706,-38.7650436298495,165.77053168283
174,0.105097605235622,-16.7220062796283,125.973318797773
175,0.105749588960046,-43.2459610028522,251.628374868241
176,0.106405383459745,-20.5518087353079,63.4078009014513
177,0.107197576179077,-32.8793317390454,499.834318522516
178,0.107790281985118,-24.2150648701129,114.548128519043
179,0.10854908221422,-44.0055978191507,310.932934844408
180,0.109203290600884,-27.7556086481333,95.1460740204338
181,0.109977153749404,-34.2929464401713,481.210357710986
182,0.110730422076106,-62.9417637103998,337.896294718053
183,0.11160567421325,-27.8945154452277,146.531536013667
184,0.112251826264518,-25.5687616431013,82.7753460636059
185,0.113022016091515,-47.3358466595268,78.3539739720153
186,0.113771152610332,-12.9919587229044,36.7082484233148
187,0.114432612767936,-37.9150624669458,875.962082960997
188,0.11522149195067,-19.6247325240798,90.2314485153423
189,0.115909858577608,-46.6361379612798,188.089971827104
190,0.116620303489746,-51.2107817966512,60.2590821600981
191,0.117344175854288,-45.0535515007139,100.346344894344
192,0.118006543279439,-45.033636851557,136.085109615955
193,0.118715812455835,-43.3970149029104,99.0976103085246
194,0.119378549656581,-41.426091297004,599.494900245179
195,0.120115894883775,-37.8092595248168,86.8084228401823
196,0.120823856416043,-50.1362006363272,171.09962634474
197,0.121635605204225,-10.9452138866352,75.949589363462
198,0.122339800294777,-56.7901755804861,459.640109744394
199,0.123010706542482,-45.697852787998,405.181303527628
200,0.123634742409842,-28.9728413427721,52.0414415915574
201,0.124329193053626,-40.3629821905257,86.0918866189944
202,0.125019679965405,-16.3994401326123,168.058026136208
203,0.125878350591571,-40.7915732090542,356.220306126889
204,0.126647158980518,-55.503528268331,59.3463264852697
205,0.127329432188116,-46.0640393996207,61.0261871911124
206,0.127912105248161,-53.4106963423841,168.108341009325
207,0.128743222981411,-36.6892250409287,437.516020604052
208,0.129553780787733,-63.7385876201743,820.979161484788
209,0.130369401167258,-58.3395822855042,489.848964257166
210,0.131127802965716,-17.8033451652697,160.98200229528
211,0.131948301417203,-36.2661503596349,68.0554715743406
212,0.132654138531036,-42.5382077292201,114.170852744289
213,0.133505807069968,-79.911164267406,101.410905446504
214,0.134287581179648,-30.8571110036012,72.5820202959125
215,0.135093929350065,-62.9219848831872,80.2321287530718
216,0.135883535443255,-60.4086943009432,120.466409985956
217,0.136586044856343,-70.8889970668096,402.675370303181
218,0.137474923350871,-46.4192561195004,98.6614992455216
219,0.138301224971684,-57.9976024202609,98.838947315276
220,0.138986071353997,-13.8432062254564,429.584112128702
221,0.139719229707144,-56.6846057736802,110.077684013889
222,0.14048158782485,-40.983172545563,359.350836934552
223,0.141169030707329,-72.4491870954735,233.823010819356
224,0.141939986500106,-49.7059844273796,69.1211091067111
225,0.142887257838215,-67.8939192975426,236.057353111149
226,0.143779181619025,-75.9861439476126,91.6280980881633
227,0.144851501406237,-15.6631661211168,33.2715386691668
228,0.145854493626552,-38.6263064846653,393.955308462685
229,0.146788301475465,-61.2204176730706,368.662939908979
230,0.147519306237276,-92.135765361749,71.3108292127486
231,0.148428607944042,-62.2188364874808,228.563947458416
232,0.149339820711437,-44.249465621685,237.670592168422
233,0.150290423677209,-72.8494002797662,38.6274850998417
234,0.15112149444322,-33.6694721680261,39.3314800206631
235,0.151908002504328,-49.4515548786116,58.217443461716
236,0.152915899063032,-73.8356482460902,63.9920637127511
237,0.153899515563185,-34.8552884626596,142.806144830426
238,0.15480451399122,-54.2241544090106,63.9811175531217
239,0.155561786144646,-60.16175944685,140.119798232004
240,0.156370248328754,-69.531658853332,64.3475712706777
241,0.157212013222363,-44.156359598189,79.016453115974
242,0.158183702651549,-50.7987264529212,45.0429182576408
243,0.159087062712397,-70.0135480209845,122.882051107357
244,0.159811884143866,-55.5517719536497,61.575805136845
245,0.16077267365006,-79.1012939855617,75.081812386882
246,0.161661473002233,-8.25220811810149,153.583594135569
247,0.16255682555017,-47.4163391227167,86.101130820594
248,0.163435196881658,-79.2947105642254,58.9651425662544
249,0.16430283828361,-112.833842833627,82.7817658259264
250,0.165155163818716,-83.770444541504,54.9208104439042
251,0.16614339050948,-46.5939280104876,84.6684494061015
252,0.167150388977683,-56.3432075353198,118.544685953503
253,0.167981141465777,-64.9536757454835,69.8430675862836
254,0.16892427306907,-63.0530896521307,44.9745078895036
255,0.169889805870545,-89.4652119501107,37.3516889074049
256,0.17084645241964,-38.8157578343185,290.296619624674
257,0.171870334996035,-52.9160618149825,158.360317344574
258,0.172837447197373,-98.7584713893952,61.5316234892004
259,0.173941437453821,-82.7115778425688,56.3209866413662
260,0.17466370113918,-82.8107578840648,83.7214204734886
261,0.175552189233488,-56.9677546059825,72.8228302527839
262,0.176490587821258,-89.685883693369,64.3298782309577
263,0.177234640459445,-118.221550169839,77.7734061839329
264,0.178046966067152,-84.3399895985771,73.0818959874664
265,0.17882802694577,-85.8262798496004,55.026687986079
266,0.179717086869806,-69.7376081655533,51.2984524325478
267,0.180801066360475,-77.141703860813,20.9877606847665
268,0.181931367539764,-88.8019828418035,69.5843747658433
269,0.183026833764992,-97.4414589060792,133.492205335085
270,0.184502891227987,-71.2517486169662,51.0156487035737
271,0.185618040624388,-61.8689807452694,108.028133512693
272,0.186738485913754,-102.70968023355,88.8697761142425
273,0.187781810049378,-80.102038308016,33.3816274421157
274,0.18879611838236,-62.1601415220247,95.2557559395222
275,0.189849508580247,-54.2735730076859,91.7089794115476
276,0.190840096474957,-93.8689246350723,75.4603361675078
277,0.19190631484643,-54.0962426646676,49.3420516198371
278,0.192931161667085,-88.7484760098431,98.1777572078832
279,0.194178545441247,-84.0914418989309,36.9459217278728
280,0.195215705715293,-82.5907377992332,53.1075803863335
281,0.196215525729529,-76.1662056478103,80.0198092216574
282,0.197347566393012,-93.8802041473514,90.2416331754714
283,0.198259853020017,-88.4421090491895,77.5132697711154
284,0.199326801019384,-41.5814064109483,40.942377319605
285,0.200597793027301,-89.508056862701,58.3940879673479
286,0.201500040540022,-100.764074152504,277.282834401701
287,0.202527916170033,-58.3475665226085,114.057309371291
288,0.203455334830102,-98.3273361905386,33.1706318555699
289,0.20437248290832,-127.839738904517,97.9049588952334
290,0.205438268127006,-73.6770646606979,58.5540651307172
291,0.206547957040688,-49.0859578112511,124.622899553439
292,0.20763761178107,-58.2038094722187,101.834568527494
293,0.20863320787197,-77.6726225435898,50.2146565091565
294,0.209607383327755,-89.5693745777603,66.2307918564209
295,0.210675349369516,-72.8831204867721,83.1593168680579
296,0.211786261844486,-56.8749495316974,72.4679311271468
297,0.212949484259469,-107.315613495866,85.8841418200438
298,0.214270925816426,-95.3174347924146,98.0408838335245
299,0.215254300910944,-90.8108155252133,31.5369278338964
300,0.216259605897285,-91.0980553931879,105.148887372022
301,0.217528927623876,-136.65035140784,89.8929017174279
302,0.218848517957331,-44.6220917251709,156.580633431144
303,0.220040528954531,-121.238261082006,56.4502484382673
304,0.221064572500128,-85.056115284246,36.4901007978711
305,0.222095054954664,-81.4847451644264,50.0420578718508
306,0.223197028460937,-92.1948482314107,56.7944037427073
307,0.224427789248067,-83.7252253729651,183.566869969089
308,0.225655190541042,-93.1545301100949,40.0732296327108
309,0.226692723397226,-102.372111693967,88.1937070394471
310,0.227967158275929,-63.4485642670371,160.141200924078
311,0.229349671618337,-117.438497074146,126.490854021218
312,0.230683137042624,-61.4915528585696,130.077147707374
313,0.231947142895803,-90.2464775469853,115.947543679323
314,0.233303082191095,-94.3574366150658,146.506972238549
315,0.234773622449924,-89.2140996334234,271.371275550237
316,0.236102711562323,-87.5198337836055,70.8063072207534
317,0.237331567397919,-99.3683050588685,65.5933433329146
318,0.238449040533133,-116.464239884788,20.7917579608006
319,0.239499442257703,-96.1006417909219,44.4988570049954
320,0.240863289640163,-156.954756422301,37.0025918163976
321,0.242270418970735,-127.545996793671,35.8669882345323
322,0.243414462675098,-92.922287296311,133.561142645386
323,0.24514972326224,-99.7844750744612,41.7020240940377
324,0.246591784830189,-81.7025105698069,51.2001775952548
325,0.247892660546408,-120.802276958536,64.548410351613
326,0.249306616826401,-77.4598602229228,39.6174575729462
327,0.250740465655075,-95.2847288251237,68.2150591998753
328,0.252290597341262,-87.8092406429607,76.6101372340337
329,0.253807596502154,-90.1950251182918,41.8439146232976
330,0.255468648410179,-76.1918220212148,44.4234442104205
331,0.257181473694999,-74.0880392580684,114.431013917278
332,0.258673262160803,-86.2809898468292,83.2171445907324
333,0.260305355956624,-125.573930193322,64.8371941891552
334,0.261911022363276,-107.563987610253,50.1891232808443
335,0.263947762548312,-115.670330867603,42.1566630219117
336,0.265858776791754,-95.0072972535699,124.313199676771
337,0.267717106862419,-118.42113297396,53.1698520826853
338,0.269350677778032,-93.5763964884611,93.9151057562228
339,0.271092266722124,-87.2809893897631,75.5474588906332
340,0.272792171984578,-112.696987894553,364.227338366395
341,0.275099200238492,-122.058107745392,52.1160833143546
342,0.27708549038348,-102.481228120678,60.0031929646122
343,0.278990323126716,-80.7303795997551,96.453113154647
344,0.280751947016703,-69.095442522284,102.447754106933
345,0.282955323743524,-109.990610335624,62.0299042780248
346,0.28511695436571,-158.331054933925,85.2278922599053
347,0.287131621779775,-119.127870556941,61.1877446978138
348,0.289271768302936,-132.70509364287,45.2498159522624
349,0.291068588636022,-78.8493603422989,40.7968010174711
350,0.293060241663588,-106.350335672148,55.6767302294625
351,0.295206154345564,-93.370019132008,99.4380435745527
352,0.297583061035896,-124.527901706279,82.7047063137439
353,0.300262882813071,-88.8963322367029,92.6379444096389
354,0.302434121960872,-111.61939052192,66.425790600126
355,0.304196965446657,-118.614154374377,67.0828222067373
356,0.3064620186633,-152.046417452239,32.3655850477495
357,0.308595643879908,-114.585239866734,39.1241169440639
358,0.310780000757111,-126.819881199749,75.3683273502461
359,0.31321774405204,-116.521474368626,41.6189229421687
360,0.315285934185848,-168.975581014488,130.097689724548
361,0.317724157486135,-123.662121348136,40.0799121392562
362,0.3205612590163,-127.990964727285,116.0448355229
363,0.323732167028751,-159.994842804967,46.3519317813402
364,0.326783761950251,-157.034149035383,208.492196522551
365,0.32943396999377,-125.497464086822,63.3841898387595
366,0.332381258322997,-118.943430114715,23.4807378066944
367,0.336148580644438,-150.011315673251,23.7498187468987
368,0.340423123029669,-139.630643691348,44.9370315374169
369,0.343719426803068,-129.684380196887,73.3019506125347
370,0.347329173185534,-161.867938532279,24.7852511809463
371,0.350638130116242,-130.369886163043,53.0795216926983
372,0.354460040233743,-115.180686911878,45.2095610109531
373,0.358759822932813,-146.175077603708,28.3707613126652
374,0.362722596202424,-137.115271693471,46.8935659022868
375,0.366058200050304,-182.969460218435,88.1855485454399
376,0.371150743490904,-141.8657493494,33.3816152641176
377,0.375015693637741,-212.816671690781,37.0162294209692
378,0.379262090857321,-143.643810023308,30.1069447626559
379,0.384532719146384,-164.626545878706,52.6816909493948
380,0.389655095776483,-173.780975427241,78.4161954968361
381,0.396514763803071,-125.181711592654,27.2785609506247
382,0.40303420070373,-202.822483434382,65.7925072425264
383,0.409812493551508,-235.562929526211,36.0349931214994
384,0.416919010839545,-163.801707180977,23.60368315928
385,0.423664317935451,-184.557450236489,26.1073107155633
386,0.429381528446207,-158.251502797306,26.3214658239395
387,0.436813658066773,-172.378671107811,11.3222139644257
388,0.446294039163786,-188.427464407378,21.1042870397164
389,0.454841104656864,-205.300454405863,12.1759067901189
390,0.463872315343885,-119.189613574406,22.1608488912239
391,0.473964585059016,-172.046281900263,234.060076969414
392,0.484903586520985,-154.346799926582,10.3122117566357
393,0.497821837639762,-160.411105096275,16.5188948220191
394,0.511516694395082,-239.175622037746,10.555513407724
395,0.524823814499852,-134.884616874933,20.6521235273491
396,0.538486795037086,-183.734798745534,8.50337743197157
397,0.557580324415615,-222.913495621882,12.1875346539581
398,0.578819036906264,-249.65130553471,8.49559134907106
399,0.603721348661664,-170.938502308898,7.29180458051678
400,0.674369463309492,-326.964312532028,9.59140540018582
