"pres_bin","pres_norm","delta_norm","size"
1,0.0922740305202354,1.19531874529935,594.390294669302
2,0.147387548572272,-13.5181980359111,308.451112379564
3,0.177086660112747,-2.45142783777561,172.897513895593
4,0.197273786768887,-3.42094822096901,183.817407606587
5,0.21991396011641,9.23848579695278,322.07539080896
6,0.237152081931923,4.28575561158028,291.123445426326
7,0.255093293867179,-12.0554818994574,373.688449141777
8,0.273806787394555,-14.9318723300588,621.820280740914
9,0.288630684694789,-34.6114597620474,950.915929479741
10,0.303445978450148,-16.9727347201711,363.339624883647
11,0.31771293782391,-18.614611793422,236.034229190868
12,0.328598116189019,-8.11907351990379,439.218242646451
13,0.336742154770644,-21.7095015228769,92.0791177884363
14,0.344192665174834,-25.1924657985156,366.662639864819
15,0.35038141940192,-43.969815082947,767.497054012062
16,0.355297265693707,-45.4262245403608,165.774705112345
17,0.360756608022874,-13.853231768455,77.1873622549999
18,0.364600814045333,-66.0904079267993,108.451612991081
19,0.368881513466648,-57.9637888937703,88.1698725462256
20,0.372940609481297,-11.8232169266243,251.285805790852
21,0.376923042276472,-35.8179119944665,149.88379637182
22,0.380206175521082,-35.8590815316003,264.586431663634
23,0.383192587278769,-44.7325115062003,87.4930238234911
24,0.386088966953706,-29.8223563254145,718.762072026453
25,0.388818650044162,-44.9383377474892,156.504304199527
26,0.391404924443699,-44.7792032091213,768.48108333574
27,0.394056699445222,-26.0302508673956,562.438500360985
28,0.396742606761424,-34.8386397652494,1147.53956412842
29,0.399161389975388,-2.23764853381313,817.913948373992
30,0.401315768680069,-11.0182759841476,838.069083014582
31,0.403528679703932,-52.9761949424501,461.080546713394
32,0.405888275364324,-47.7858634579421,641.701758674513
33,0.407914755006204,-15.6882312142289,195.507986321878
34,0.410261414969583,-42.1663513790926,178.86389157624
35,0.412640625553279,-27.5646349995423,46.9555078758786
36,0.415110468915609,-51.1441652464038,293.114171339268
37,0.418212968998934,-34.1774397983045,285.986599862531
38,0.422459180941511,-22.8805042530778,944.384488535358
39,0.42913591775681,-29.2950051435813,117.916427982298
40,0.43592817178759,-15.3185705099814,95.2011598409493
41,0.44431899582078,-42.078261031773,265.966975003812
42,0.451749520740388,-34.4570926236776,70.8008749132857
43,0.457769856622309,-29.83981089076,39.15341559839
44,0.464083239648475,-41.4551262415165,51.7734186824552
45,0.469102766157021,-57.3788548666166,54.7524188548827
46,0.473767059195763,-46.8635753096149,176.24095012592
47,0.478438638333549,-19.66554057498,369.477036019437
48,0.483234175586793,-19.4026805028367,154.819109411298
49,0.487819694061191,-67.3793770791374,14.476152702317
50,0.491801505063188,-59.5998315790407,48.0015719744873
51,0.496088819610146,-54.6650915142068,98.893841374572
52,0.500263633525334,-44.4321719639107,28.529571711505
53,0.503893029675979,-45.0108853286443,72.5481368201554
54,0.508015639084448,-19.8387833904521,189.111694249255
55,0.511295199225844,-53.4174152898508,22.1046970063016
56,0.515073345692348,-25.5983598698613,88.9320713624453
57,0.518953210595974,-37.2637327245664,71.6764039079775
58,0.522576697888091,-38.7749540728137,66.1913093606381
59,0.525837223758236,-24.1050493687469,185.046413267829
60,0.529900186248926,-51.4918561198231,14.7050339886802
61,0.532487756838053,-49.0692855507226,65.3197733671818
62,0.535079859551798,-23.2576218456877,55.7270951032854
63,0.537595746515051,-49.7143854678236,47.0333845184091
64,0.540065959027987,-20.9625174232342,137.792832062497
65,0.543024299637726,-31.5382892046346,176.06694414125
66,0.545772231443795,-54.956280821756,111.749420438399
67,0.548342633776011,-26.2163562706782,10.3084790180483
68,0.550785140199352,-57.6860538870568,53.6052157596031
69,0.553178514872298,-71.9972193901474,44.9667362134348
70,0.555395362509695,-26.5085686682037,46.3124955353878
71,0.557720304987813,-19.7548596948242,55.5908618691542
72,0.560256320826951,-59.5303527596389,39.908681204082
73,0.563236301733527,-58.4160308926552,36.923460800204
74,0.565274982177502,-50.136315466923,67.6365039664822
75,0.567600087430823,-64.1868783012703,38.7590429356511
76,0.570080587975,-49.0455889091834,35.1195408306671
77,0.572260650723657,-62.2816276203476,152.934511464803
78,0.574492413440929,-82.1489055349596,51.9149361048921
79,0.576538721194992,-51.098220998522,230.541736491116
80,0.578453946749165,-5.90380114633587,96.4809752056836
81,0.580767438352934,-62.0599450210999,91.068363430653
82,0.583218170001019,-28.2471525411128,136.734536151777
83,0.585296287394017,-52.2139989801189,67.7229636332918
84,0.587633483468951,-31.223298227549,41.1922219387839
85,0.589612273686604,-36.2053460000631,54.4482302120902
86,0.591457346267919,-95.3337760123361,42.8578188838491
87,0.593517606994334,-37.9931890927303,53.8163757327222
88,0.595322221077595,-63.1825836288105,146.76082883636
89,0.597563622252441,-36.3986967911941,37.8391148789701
90,0.599792159445876,-17.8663182195707,56.496938852194
91,0.601632977428198,-25.2932293847834,39.4932279977292
92,0.603336321109457,-83.8939384430468,44.0423499079911
93,0.605165867941439,-33.3162449648738,158.552426043722
94,0.607067426834237,-79.5221786615488,303.128241490013
95,0.608840085385916,-68.7184372123157,21.707233833028
96,0.610144200097397,-72.977919894093,20.2487526032816
97,0.611621461094033,-16.8177532045495,25.5151296695103
98,0.613297013722227,-63.1776686772111,259.702792572399
99,0.614902083523708,-24.7563843150418,191.141921345168
100,0.616176380631718,-23.462553756902,116.794592133192
101,0.617328460216228,-34.4004582081278,113.731105677556
102,0.618681514543153,-65.5311481376467,54.0909327990036
103,0.620051397887843,-61.9044646282775,26.1796375471111
104,0.621391438234308,-66.7776545245686,280.417136894786
105,0.622870291119009,-44.9353336827476,779.453859493693
106,0.624044392407254,-73.6122005677298,37.4057685447716
107,0.625418514623326,-58.7609971253058,70.8205183387133
108,0.626562311747547,-32.0102721699053,196.985013649357
109,0.627639664930628,-35.8593706770573,326.804050851709
110,0.628790025866934,-59.2846642748846,165.286400550693
111,0.629928438183376,-52.3342187270171,1721.92511817758
112,0.631190927021458,-75.9997150711993,100.856748356141
113,0.632378375823613,-49.2621283534098,409.491806045071
114,0.63346197043007,-55.3674736058922,217.742319578363
115,0.634695449289194,-88.3279141256601,173.697718413896
116,0.635732905843909,-65.2563871480831,538.334505195406
117,0.636711182960837,-55.5884593157024,420.467292720826
118,0.637740313608438,-43.1477100343989,1427.04826272794
119,0.638854996750215,-40.3419558119064,183.741186696231
120,0.639899423999949,-44.6520325921471,928.142704304653
121,0.6407365547449,-50.3133474811523,1330.56266608617
122,0.641458484718674,-64.4263621938001,605.136516271122
123,0.642332648611138,-50.3561152065016,1391.44168846433
124,0.64321614307793,-69.8096797061365,421.242741316787
125,0.643866020323581,-26.7997139755943,513.589763447139
126,0.644541647655079,-60.1957376733738,718.690975814807
127,0.645306752009918,-38.4624372361193,919.663023311467
128,0.646121249971607,-34.8696372093621,551.091250909077
129,0.64687807262592,-38.3374855930806,330.777056048804
130,0.647744245817664,-58.9607679262382,1087.47127785419
131,0.6485324483427,-94.3568781960149,2387.60167084565
132,0.649373921848195,-19.3929363440952,263.980416465308
133,0.650214496437867,-42.6117484834911,111.187205455147
134,0.651293256586725,-73.9826359719636,467.177915117594
135,0.652429496195235,-13.1694382088739,245.413147312381
136,0.653521550657961,-34.4420768963055,260.074803197193
137,0.654473443198308,-49.8097693955428,372.155295985274
138,0.655389428699249,-101.078248573293,260.677953260723
139,0.656388447560133,-105.681491858967,183.300736041623
140,0.657506161901457,-91.4874932372699,890.206016066905
141,0.658557097542942,-61.0129160262592,113.673045078711
142,0.659304234903914,-50.0108561177089,304.297232472367
143,0.6600607113587,-41.8137158056891,110.437288692069
144,0.661066591302717,-42.6946739523169,214.133017546985
145,0.662113342302455,-79.5225137798515,128.607381631349
146,0.663108751649296,-34.2310598499473,100.810030821054
147,0.663950060662542,-55.186404967178,172.13520426577
148,0.664839738101486,-60.270843433473,400.899143704388
149,0.665737573561194,-48.0065487105003,69.4663843951008
150,0.666485370567666,-89.5804325223749,104.276378310028
151,0.667158040572531,-51.9879556956234,71.7116905941999
152,0.667867712861038,-61.0233786410823,52.0607644899611
153,0.668507734598137,-67.7423639424686,112.76821454897
154,0.669377671779426,-37.2166112128847,90.9657844326199
155,0.670137806753732,-84.1847749725789,210.282265249189
156,0.670940199200423,-70.9579288177516,260.901588199111
157,0.671756503244015,-57.7507873635072,87.1240775248775
158,0.672639150453613,-62.3898731863061,104.610245110852
159,0.673349851994727,-51.2713113509044,61.0673857782431
160,0.674105007110246,-105.029826537316,826.496477129357
161,0.674851153546464,-59.6494454175611,27.8413488152408
162,0.675552229455996,-58.0849833293751,260.606831236256
163,0.676259460172493,-23.9590184927858,112.807706418582
164,0.676951019080569,-49.4666476258573,73.7158054659098
165,0.67762207717573,-92.1201070743467,137.460285924118
166,0.678358722452622,-50.3898810862712,209.214720307384
167,0.679110367358697,-78.2623457806545,48.019314753159
168,0.679874257562718,-61.5100963591021,263.95229701393
169,0.680640301694499,-42.9161512915871,149.005846398007
170,0.681441193140719,-40.2012918040272,93.9914082289977
171,0.682219562987329,-57.0422751786777,208.607103432077
172,0.683157519170064,-42.9292429730042,287.497597116484
173,0.684112575728153,-71.6369580603199,70.2550344224185
174,0.685257059884845,-54.5710740980984,229.136821142382
175,0.686202147673641,-76.5461337026504,79.9671902991537
176,0.687015406169961,-105.83739876345,198.104612151976
177,0.687888169823438,-44.574565557462,142.421950411452
178,0.688843544978095,-45.4098405309067,283.13659334595
179,0.689949894734828,-54.4009330208417,110.763102328798
180,0.691042629270451,-19.347080891183,83.9156677100505
181,0.692011447309113,-83.4465540062113,88.7920221297561
182,0.692972356869693,-35.0593691346931,132.624671234044
183,0.693878680413286,-56.7015658744978,68.1979297805662
184,0.694854243427691,-41.3836222554472,87.7272159088802
185,0.695812210151923,-26.7722147122879,324.992039204402
186,0.696702209188023,-42.4864289229005,118.327223368418
187,0.697673287435378,-19.9752014973521,735.914642328481
188,0.698637787124186,-21.050689181151,43.530549222818
189,0.699500806235386,-51.9261706966083,130.623177046937
190,0.700260479153127,-63.4848075662685,273.596309374665
191,0.700963636266626,-84.7758015481984,100.02366278847
192,0.701706952347679,-52.9865538576862,352.684323889429
193,0.702423690221732,-90.3591820329471,255.603629358041
194,0.703259131451397,-51.5985647340872,63.9988318442497
195,0.704238471394475,-72.4603404544956,58.4821270831171
196,0.705242511217551,-41.1383468729269,90.9173100620931
197,0.706400927983322,3.57081809508707,545.098702292171
198,0.707324715829344,-33.0259134500718,292.727997955988
199,0.708235545244044,-39.6149951207718,541.474418710161
200,0.709119383003794,-36.4847930185959,623.534251984811
201,0.709964371650877,-46.4831609374023,99.6814882216714
202,0.710800330577087,-33.537026774157,123.713752333773
203,0.71166463116428,-41.0209653224381,893.815887051209
204,0.712591649977526,-56.7865026945252,161.470585497066
205,0.713794909844487,-34.8252385168373,497.334881726457
206,0.714776020766501,-40.5924357271819,160.63425598977
207,0.715760485596479,-35.5086861222945,44.1232041107366
208,0.71682923852912,-58.0949044463261,154.743759991105
209,0.717896720793977,-53.4139361379001,1219.53838464176
210,0.719147527301368,-64.3804063037689,346.092145522136
211,0.720169893487349,-16.1689547178438,198.420185969538
212,0.721137759359623,-49.5985506344327,84.4728783264467
213,0.722167331104485,-42.0411136528827,200.603600396664
214,0.723211103814085,-42.2799963134819,271.137181124901
215,0.724183676421562,-83.3549072904633,1869.48540168257
216,0.725096102942446,-25.9126338284218,75.8003969280599
217,0.725848185491677,-27.1137079878281,321.456551158883
218,0.726730415528557,-32.3596637872691,368.48011047166
219,0.727672890510431,-46.1502182652433,213.889335099401
220,0.728547493734635,-44.96451529856,82.739790023809
221,0.729726351097411,-26.8223993408528,334.002726775624
222,0.730816789683158,-77.6083985675688,448.330474542532
223,0.731969817671027,-30.5867603603548,903.182420664804
224,0.733162756348967,-63.825364463125,143.964648207947
225,0.73412922784566,-34.8552043798718,671.830473819253
226,0.735016892374885,-78.7165342294225,531.789673273796
227,0.736255406994326,-82.0680335135921,189.336316318991
228,0.737352452345138,-31.3057425798744,86.6534291584378
229,0.738375194475555,-41.3895002045278,271.876598977982
230,0.739398861516015,-52.7282700098059,59.1257042298294
231,0.740513099886335,-56.9504941219907,253.81793571525
232,0.741598048791378,-53.0978937842869,57.4352592065999
233,0.742768071223576,-52.1384929248838,337.312809068642
234,0.74375602315096,-44.3722081341155,77.4321261936254
235,0.744877839340291,-15.9992789834953,324.250992877071
236,0.745944217363726,-31.631808154373,988.132928225657
237,0.746966592618215,-36.8596592072332,207.714860185453
238,0.748036951303221,-65.636936380744,115.216551465852
239,0.74892700341944,-69.2198724210961,206.503925640502
240,0.750118711999218,-65.0495835892148,93.0214861187368
241,0.751001248893876,-78.4653751547912,1328.27390593508
242,0.751990595671971,-38.2251638398401,105.950944941543
243,0.752928709504887,-62.216272542935,40.0924117358108
244,0.753949288051679,-43.7287868646861,413.912124252379
245,0.755039702154585,-45.9891822770213,398.926708814229
246,0.756126777498587,-4.82010726373658,1202.37584206568
247,0.757124923483383,-54.2224862981785,133.238556703911
248,0.758156458543412,-12.0793348531206,88.2623707958668
249,0.759174914847504,-28.7194256634715,267.925338933411
250,0.76014238652991,-68.8709635522698,239.400125662874
251,0.76129878552155,-46.3291261811382,249.117355475227
252,0.762358278616939,-66.6593874675837,467.661962535974
253,0.763372831157742,-81.1832636956713,139.434926028529
254,0.764290351834722,-37.7850874186132,82.4649287663574
255,0.765145095276041,-54.6466660147237,91.6303143307383
256,0.766061773563991,-44.189096520669,387.622456803568
257,0.766863757810207,-70.198123751424,190.815154161721
258,0.767652107090211,-42.8042105095063,408.557838754918
259,0.768385814860245,-25.5328971443146,214.244604750317
260,0.769210500048026,-59.3529697148693,503.084112704361
261,0.769880981584028,-69.7326580562327,294.322566667737
262,0.770623900989684,-62.6365019723054,286.070499860749
263,0.771490178613078,-44.6499281721916,52.8205846622117
264,0.772374362739741,-85.5635553767603,327.593723187075
265,0.773052597820312,-57.440736233828,711.778534954783
266,0.773845070472978,-32.6759923364644,61.7512473831799
267,0.774765758415075,-30.3809857537073,38.790299406815
268,0.775741099056596,-78.7827988533966,74.7648897056417
269,0.776647380831541,-17.7982346384015,369.360172219068
270,0.777468828315486,-45.8840060949943,1174.68976398473
271,0.778227977591114,-49.3026669662345,207.97033280537
272,0.779178946882683,-70.2803798775863,424.706144716735
273,0.780049866599695,-51.13884925853,463.499326854479
274,0.780855239696783,-52.5301634894908,123.587025626335
275,0.781532323804327,-31.4965823119837,340.914269441918
276,0.782356688029451,-41.1549947936779,100.606029211684
277,0.783069818709058,-37.8032807677869,108.492650794911
278,0.784027592284515,-36.9541862562977,303.412395875495
279,0.78476890516983,-82.566547325995,574.679595828276
280,0.785651544119267,-52.5229115248784,80.6913736137881
281,0.786542353819298,-49.5205118068195,126.954655785054
282,0.787379160325181,-47.6890961063051,412.865423866192
283,0.788307368995678,-40.8068645248145,443.567005692895
284,0.789027904719088,-45.4830476911127,955.015921085429
285,0.789949698293111,-35.3039239496253,199.156511163815
286,0.79088648776567,-52.2681994395036,283.951243049668
287,0.791972363856874,-55.3562151238521,233.401525262506
288,0.792846831651832,-64.4230234484502,258.002964300691
289,0.793876775631095,-45.9222784503475,144.518207092857
290,0.794857984644667,-4.1805520746556,240.58003544431
291,0.795800229903696,-30.410425750468,1015.19473173278
292,0.796864236507068,-49.0393136644442,265.847148976069
293,0.79805003374822,-52.3218536664138,584.124397887906
294,0.79908809884228,-32.6264820391547,443.260806932705
295,0.800316900675804,-16.1295925348516,568.053627072824
296,0.801439779209299,-37.4390124885747,155.148919988436
297,0.802518137507837,-43.0310749175406,674.726542618288
298,0.803647299266734,-18.6666171924094,233.514409097238
299,0.804720153200273,-66.2955081152151,588.563099851447
300,0.805867939233265,-51.6292109102627,159.18280987398
301,0.807116315318846,-36.7038118341122,1025.5020121352
302,0.808394083852484,-59.1154689714668,169.960049242584
303,0.809799649913434,-48.2924094250104,388.26448892502
304,0.810932045570654,-25.272614047061,115.445228880042
305,0.812532683796963,-57.3846281769591,88.3217207020949
306,0.814089471477844,-84.3131669931935,937.446661496176
307,0.815570606169507,-34.8180166104295,245.160826065
308,0.817027463987048,-25.3081209731064,2560.40722274808
309,0.818668787673512,-58.0842170225244,70.4579164815205
310,0.820195774405516,-75.8897071989823,956.3890392998
311,0.821443532708402,-53.5392747118782,838.414155460613
312,0.822965835661425,-11.1914326683367,161.159945640944
313,0.824463096394236,-68.1703250556212,80.0136355412645
314,0.825969956946556,-73.0341120621507,615.561358073759
315,0.827553402706079,-60.3935391564958,737.060772862279
316,0.828844655130387,-56.1237555989547,184.178488571591
317,0.830332418496003,-19.7337987341221,135.309803886454
318,0.83196757546985,-82.6476847713933,123.11487104648
319,0.833442125739897,-52.3902809167371,103.98255368874
320,0.835019809713068,-32.9550142870172,253.296270733393
321,0.8364119404777,-60.4995718991461,326.043935917816
322,0.838276396353856,-76.8660043579759,482.718254957387
323,0.840511981775486,-42.3746729124613,127.722403940547
324,0.8427140072169,-51.8022715774002,1975.49565869458
325,0.844490135142924,-5.68310673618025,79.3559931158428
326,0.846290057507713,-56.4747204029402,83.3310592992746
327,0.848457969537687,-65.5219253714264,152.696503069526
328,0.850580125395996,-43.2569990459598,59.9975236238643
329,0.85274811502791,-17.981176704794,271.940820150039
330,0.854687366767655,-12.5638035210448,238.14017833131
331,0.856439732746379,-39.3934317909877,63.8615399057212
332,0.858193990348125,-7.89352063527958,145.642905452801
333,0.859763515710106,-47.2306610515038,45.1467010121998
334,0.86171620238717,-34.7237634508889,66.3610057236716
335,0.863085939883821,-49.5790656861834,851.913236288756
336,0.864966758404516,-28.8286455191589,225.913188879738
337,0.866627237885869,3.68360886428429,26.1500836718857
338,0.867908664205591,-36.3949645010987,207.464222950474
339,0.86932381635582,-76.6695217475423,1485.55349696817
340,0.871053635608997,-61.7011869708963,578.39040869989
341,0.872198205244782,-47.4084235598501,116.270360991146
342,0.873580391676224,-50.0015867922373,44.1964229339334
343,0.874776808182002,-58.51637605911,33.2168514754098
344,0.87605054730225,-33.0583186240928,71.3568054345901
345,0.877450717115096,-24.9303396523302,22.0022933753497
346,0.878776384088063,-57.8163976782064,67.0588503954272
347,0.880018523427166,-17.1635166820058,682.214148246438
348,0.88111489644098,-61.2302764830022,245.922176527498
349,0.882281383959958,-61.6901333086279,30.5663595884116
350,0.883500035127586,-47.9390465525829,49.1904260520105
351,0.884750807061274,-41.3858435638582,122.747927740737
352,0.885843254936244,-41.7865867585999,255.928197660917
353,0.887041359365055,-87.3981305196706,55.2789807752383
354,0.888074565214347,-8.53057823674844,132.102434609764
355,0.889128471742969,-31.1646727007397,37.5908925620757
356,0.890134058797499,-32.4813794368098,61.1508221939387
357,0.891367903990951,-53.3870819748899,1899.17170513583
358,0.892457482813214,-43.0040249218122,956.88775248955
359,0.893361115616296,-51.4951110922119,94.864413463596
360,0.89413989344837,-40.2644125486666,35.4845988065482
361,0.89487527753135,-52.9726725020299,101.074025923038
362,0.895504835855362,-57.2448246956891,32.6508082102564
363,0.896276163546629,-80.6695878955477,90.1612751122709
364,0.897140089304802,-70.0683412888125,60.8219035193093
365,0.898036919173426,-75.6119814441557,95.8674176053334
366,0.899064935413244,-73.6256112498737,32.3384317421986
367,0.900281065220257,-36.3453170159062,30.802616676426
368,0.90139491263782,-72.9801218661397,46.1478832706208
369,0.902583158555985,-13.4338956398568,50.2937454410025
370,0.90358025939429,-52.9116351905662,89.5520785488357
371,0.904672525942082,-81.4647439678759,82.2233849833801
372,0.905920738047479,-55.426348820991,37.8562686966906
373,0.906966194444514,-42.5519154521783,63.1411706696688
374,0.90803260675244,-44.7663276931402,32.5938572348856
375,0.909394047020354,-55.0223142269043,285.306903766659
376,0.910631289670037,-91.2334351173708,40.4582095931343
377,0.91171695192833,-64.0580086451415,1700.31084874625
378,0.912876613918816,-74.524909139585,140.932424488687
379,0.914265886771005,-102.341965332525,1004.50800142455
380,0.91551653226303,-33.9919549261062,242.606411963336
381,0.916655579454741,-72.4765911929584,102.827759833348
382,0.917886742218297,-67.640407532693,587.853181119105
383,0.919334422942958,-69.8895103755482,350.016303201831
384,0.920699337922972,-57.9116475495571,216.859268014473
385,0.921804792533006,-78.677549241163,58.4787855044957
386,0.923499602500481,-76.5119625806757,174.629407924102
387,0.925198176352968,-72.8733754098203,1077.90954169888
388,0.926668388836303,-98.6218693149615,234.399858707774
389,0.928162287329746,-62.0374062277768,180.121831685881
390,0.929623022879237,-72.4142146598268,67.0765262152432
391,0.931293618361737,-42.3615357583914,158.046528853752
392,0.933274708977623,-58.3064837409338,581.160445721452
393,0.935518859447527,-92.934329810286,600.638145890241
394,0.938452183029528,-71.8242466211264,277.346222405264
395,0.941264698321059,-57.3198969052744,379.266940713153
396,0.944417787454092,-81.8425832288727,131.325748972982
397,0.947840036008706,-93.5647239886287,96.0646381601322
398,0.953250104357889,-45.6474629530737,249.314764847598
399,0.961619780024634,-9.13068261803258,218.465241876017
400,0.986947222958041,-1.78464654110759,17.0208531765359
