"country_id","country_name","variable","coef","se","pval","ci_low","ci_high","n_obs","n_treat","n_control","control_mean","status","pct_effect","pct_pa","pa_area_km2","pct_effect_capped","pct_pa_capped","reduction","effect_abs","sig","label_me"
4,"Algeria","threat_composite",-0.0152854330020464,0.000853378663181991,1.46737385412868e-71,-0.0169580580412306,-0.0136128079628622,60268,30134,30134,0.0925497212267564,"estimated",-16.5159146882739,1.43644463433301,31738,-16.5159146882739,1.43644463433301,0.0152854330020464,0.0152854330020464,"Effective (p<0.05)",FALSE
7,"Angola","threat_composite",0.000829488188442777,9.94077683996573e-05,7.23157820738895e-17,0.000634650758575497,0.00102432561831006,132192,66096,66096,0.00699770850287359,"estimated",11.853711655782,10.7044646166581,133713,11.853711655782,10.7044646166581,-0.000829488188442777,0.000829488188442777,"Counterproductive (p<0.05)",FALSE
11,"Argentina","threat_composite",-0.0133461612528317,0.000544591853249537,2.95091860319637e-132,-0.0144135539556044,-0.012278768550059,105178,52589,52589,0.0913470560895087,"estimated",-14.6103901145474,8.39850181250023,230061,-14.6103901145474,8.39850181250023,0.0133461612528317,0.0133461612528317,"Effective (p<0.05)",FALSE
14,"Australia","threat_composite",-0.00418913779322694,5.40553843970554e-05,0,-0.00429508446155546,-0.00408319112489842,2077016,1038508,1038508,0.0202373399415726,"estimated",-20.7000416325537,21.7319951537659,1674081,-20.7000416325537,21.7319951537659,0.00418913779322694,0.00418913779322694,"Effective (p<0.05)",TRUE
15,"Austria","threat_composite",-0.0155167958406969,0.0022822528739663,1.10293860001835e-11,-0.019990369170549,-0.0110432225108447,12312,6156,6156,0.203273191777868,"estimated",-7.63346888243542,29.1863408460303,23983,-7.63346888243542,29.1863408460303,0.0155167958406969,0.0155167958406969,"Effective (p<0.05)",FALSE
16,"Azerbaijan","threat_composite",-0.0364982365318378,0.00453471238768426,2.03322879458732e-15,-0.0453952663455265,-0.0276012067181492,1180,590,590,0.117163707977458,"estimated",-31.1514863790927,20.5080207568182,17310,-31.1514863790927,20.5080207568182,0.0364982365318378,0.0364982365318378,"Effective (p<0.05)",FALSE
19,"Bangladesh","threat_composite",-0.0497039772473289,0.0107247644092459,4.24834906924428e-06,-0.0707595731878272,-0.0286483813068306,722,361,361,0.251527805412636,"estimated",-19.7608280984238,0.934314413217713,1252,-19.7608280984238,0.934314413217713,0.0497039772473289,0.0497039772473289,"Effective (p<0.05)",FALSE
21,"Belarus","threat_composite",-0.059775770832048,0.00189900736001489,1.86767563185234e-204,-0.0634983537997619,-0.056053187864334,7550,3775,3775,0.120522386528779,"estimated",-49.5972346330649,8.79511492826292,17716,-40,8.79511492826292,0.059775770832048,0.059775770832048,"Effective (p<0.05)",FALSE
24,"Benin","threat_composite",-0.16888274850106,0.0179253023441227,2.0888341511731e-14,-0.204584082199448,-0.133181414802671,78,39,39,0.289853730636649,"estimated",-58.2648179583949,27.1880597014925,25047,-40,27.1880597014925,0.16888274850106,0.16888274850106,"Effective (p<0.05)",TRUE
27,"Bolivia","threat_composite",-0.00330012913376887,0.000568920938751146,6.64620261152826e-09,-0.0044152219804874,-0.00218503628705034,47702,23851,23851,0.0609515130244015,"estimated",-5.41435145744075,19.6006605614773,182784,-5.41435145744075,19.6006605614773,0.00330012913376887,0.00330012913376887,"Effective (p<0.05)",TRUE
29,"Bosnia and Herzegovina","threat_composite",0.00632596858151393,0.00413318583589416,0.126090352156302,-0.00178128622976331,0.0144332233927912,1546,773,773,0.0891103128567679,"estimated",7.09903082899285,9.4196587625193,4759,7.09903082899285,9.4196587625193,-0.00632596858151393,0.00632596858151393,"Not significant",FALSE
32,"Brazil","threat_composite",-0.0434837776343977,0.000104683930782272,0,-0.0436889544666085,-0.0432786008021869,2531042,1265521,1265521,0.0657642994046586,"estimated",-66.1206430054623,31.7956248288506,2348918,-40,30,0.0434837776343977,0.0434837776343977,"Effective (p<0.05)",TRUE
36,"Bulgaria","threat_composite",-0.0223073224537435,0.000919317041159232,1.73095188712263e-129,-0.0241091842827927,-0.0205054606246943,65032,32516,32516,0.175856131961062,"estimated",-12.6849841429941,43.657622083756,48205,-12.6849841429941,30,0.0223073224537435,0.0223073224537435,"Effective (p<0.05)",FALSE
41,"Cameroon","threat_composite",-0.0207544281384165,0.000502275565652476,0,-0.021738895320838,-0.019769960955995,47358,23679,23679,0.0646554550829496,"estimated",-32.1000418476517,9.16552427920096,41854,-32.1000418476517,9.16552427920096,0.0207544281384165,0.0207544281384165,"Effective (p<0.05)",FALSE
42,"Canada","threat_composite",-0.00398658198344768,0.000177420596264503,8.89591873074778e-112,-0.00433432048210723,-0.00363884348478812,809622,404811,404811,0.0496410980514982,"estimated",-8.03080942994442,10.9154956138142,1070823,-8.03080942994442,10.9154956138142,0.00398658198344768,0.00398658198344768,"Effective (p<0.05)",FALSE
45,"Chad","threat_composite",-0.0297170537652871,0.000755470019227465,0,-0.0311978515396393,-0.028236255990935,17278,8639,8639,0.153942670025123,"estimated",-19.3039744993622,11.5620485213982,135009,-19.3039744993622,11.5620485213982,0.0297170537652871,0.0297170537652871,"Effective (p<0.05)",FALSE
46,"Chile","threat_composite",-0.000711253975767729,0.000232489203070238,0.00221965563018568,-0.00116693477116737,-0.00025557318036809,53396,26698,26698,0.00944381932443278,"estimated",-7.53142294799725,15.737374957822,106805,-7.53142294799725,15.737374957822,0.000711253975767729,0.000711253975767729,"Effective (p<0.05)",FALSE
47,"China","threat_composite",-0.02147659341365,0.0043790751698283,1.29444195595251e-06,-0.0300816293408366,-0.0128715574864633,478,239,239,0.0418485059104024,"estimated",-51.3198570568597,0.0192145723316563,1800,-40,0.0192145723316563,0.02147659341365,0.02147659341365,"Effective (p<0.05)",TRUE
50,"Colombia","threat_composite",-0.0191636465847843,0.000757260197426113,6.38856852626314e-141,-0.0206478643602843,-0.0176794288092843,119280,59640,59640,0.118689179033127,"estimated",-16.1460772927207,16.9286003414231,192380,-16.1460772927207,16.9286003414231,0.0191636465847843,0.0191636465847843,"Effective (p<0.05)",TRUE
54,"Côte d'Ivoire","threat_composite",-0.0408567247704619,0.00419685797323351,6.37359116077849e-22,-0.04908731053319,-0.0326261390077338,2038,1019,1019,0.139683657008456,"estimated",-29.2494667203541,21.3413987734791,66433,-29.2494667203541,21.3413987734791,0.0408567247704619,0.0408567247704619,"Effective (p<0.05)",FALSE
55,"Croatia","threat_composite",-0.0121740754562076,0.00160402592109888,3.31995353748384e-14,-0.0153180629618252,-0.00903008795058997,24638,12319,12319,0.15094931952407,"estimated",-8.06500850390803,34.024864323929,17680,-8.06500850390803,30,0.0121740754562076,0.0121740754562076,"Effective (p<0.05)",FALSE
60,"Democratic Republic of the Congo","threat_composite",0.00330690657119988,0.000317108260581664,1.8663886114546e-25,0.00268538239662591,0.00392843074577385,220958,110479,110479,0.0349397375493471,"estimated",9.46460048971281,14.7323904930101,343939,9.46460048971281,14.7323904930101,-0.00330690657119988,0.00330690657119988,"Counterproductive (p<0.05)",TRUE
62,"Djibouti","threat_composite",-0.00410829413835395,0.00713947952549969,0.565318654401074,-0.0181434633444806,0.00992687506777267,406,203,203,0.111681668474775,"estimated",-3.67857518110224,0.935397659201917,203,-3.67857518110224,0.935397659201917,0.00410829413835395,0.00410829413835395,"Not significant",FALSE
65,"Ecuador","threat_composite",-0.026466408355196,0.000559294328750121,0,-0.0275626397649673,-0.0253701769454246,38278,19139,19139,0.0836391579780308,"estimated",-31.643561454968,21.5792373381606,54835,-31.643561454968,21.5792373381606,0.026466408355196,0.026466408355196,"Effective (p<0.05)",TRUE
67,"El Salvador","threat_composite",-0.0897494261567607,0.00545189299160254,6.35573677316894e-57,-0.100441946946215,-0.0790569053673062,1852,926,926,0.361069809383748,"estimated",-24.8565301845479,5.06745989588866,954,-24.8565301845479,5.06745989588866,0.0897494261567607,0.0897494261567607,"Effective (p<0.05)",TRUE
70,"Estonia","threat_composite",-0.0724829500102744,0.0023451087199278,1.33581086401739e-194,-0.0770802182480241,-0.0678856817725248,5924,2962,2962,0.122020944579616,"estimated",-59.4020561469928,18.4434493413989,7043,-40,18.4434493413989,0.0724829500102744,0.0724829500102744,"Effective (p<0.05)",FALSE
71,"Ethiopia","threat_composite",0.006639594115796,0.000464799995626197,2.92023302788187e-46,0.00572859541765291,0.00755059281393908,148076,74038,74038,0.116252667655838,"estimated",5.7113477476941,17.119783484856,192677,5.7113477476941,17.119783484856,-0.006639594115796,0.006639594115796,"Counterproductive (p<0.05)",FALSE
75,"Finland","threat_composite",-0.0340073168775171,0.00122286165667118,1.28648356949793e-166,-0.0364042462405412,-0.0316103875144929,17634,8817,8817,0.0709075968085673,"estimated",-47.9600471714311,13.1194330987648,42656,-40,13.1194330987648,0.0340073168775171,0.0340073168775171,"Effective (p<0.05)",FALSE
76,"France","threat_composite",-0.0267412616411951,0.000648112450690327,0,-0.0280115507667034,-0.0254709725156868,127448,63724,63724,0.232327368784196,"estimated",-11.510164205421,27.7226194858751,149105,-11.510164205421,27.7226194858751,0.0267412616411951,0.0267412616411951,"Effective (p<0.05)",FALSE
80,"Gabon","threat_composite",-0.000397341206921461,0.000352925323689787,0.260232076714313,-0.00108907247386256,0.000294390060019639,80950,40475,40475,0.0232966300739628,"estimated",-1.7055737489069,20.4341276255188,52087,-1.7055737489069,20.4341276255188,0.000397341206921461,0.000397341206921461,"Not significant",FALSE
81,"Gambia","threat_composite",0.00214004775320363,0.0154882780030914,0.890720862602121,-0.0290549454607514,0.0333350409671587,48,24,24,0.0714377555876313,"estimated",2.99568167504713,2.3818936548725,241,2.99568167504713,2.3818936548725,-0.00214004775320363,0.00214004775320363,"Not significant",FALSE
91,"Guatemala","threat_composite",-0.0354340820405476,0.00324788554018998,2.15032062573265e-27,-0.0418014136893879,-0.0290667503917073,4844,2422,2422,0.195813420908073,"estimated",-18.095839333292,19.3704989711934,18075,-18.095839333292,19.3704989711934,0.0354340820405476,0.0354340820405476,"Effective (p<0.05)",FALSE
93,"Guinea","threat_composite",-0.004011033921417,0.000492467231592162,3.86330952754438e-16,-0.00497626902389187,-0.00304579881894214,68464,34232,34232,0.142007990010195,"estimated",-2.82451284686802,31.5285279387214,64211,-2.82451284686802,30,0.004011033921417,0.004011033921417,"Effective (p<0.05)",FALSE
95,"Guyana","threat_composite",-0.00398553786824294,0.000296736803381432,5.39215349021073e-41,-0.00456715767778425,-0.00340391805870163,26708,13354,13354,0.00644123867085377,"estimated",-61.8753328653581,8.55474619144525,17992,-40,8.55474619144525,0.00398553786824294,0.00398553786824294,"Effective (p<0.05)",FALSE
98,"Honduras","threat_composite",-0.0138572264680839,0.00185496289447965,9.37346682010884e-14,-0.0174937595574919,-0.0102206933786758,5048,2524,2524,0.13779680615313,"estimated",-10.0562755080728,21.4986063880645,23834,-10.0562755080728,21.4986063880645,0.0138572264680839,0.0138572264680839,"Effective (p<0.05)",FALSE
100,"Iceland","threat_composite",-0.0435131584888533,0.00634108085791634,9.87847502017183e-12,-0.0559514384057674,-0.0310748785719391,1510,755,755,0.0884284435407157,"estimated",-49.2071970811272,20.2062497489657,20123,-40,20.2062497489657,0.0435131584888533,0.0435131584888533,"Effective (p<0.05)",FALSE
102,"Indonesia","threat_composite",-0.0493103047111497,0.00161561674737428,7.01371340651905e-193,-0.0524773699539212,-0.0461432394683782,7454,3727,3727,0.0632313585946013,"estimated",-77.9839399423561,10.8349819131124,199634,-40,10.8349819131124,0.0493103047111497,0.0493103047111497,"Effective (p<0.05)",TRUE
103,"Iran","threat_composite",-0.000732679114794977,0.000627179977716606,0.242728794822363,-0.00196196931977252,0.000496611090182564,37168,18584,18584,0.023828469471239,"estimated",-3.07480560461225,5.41815985705302,86844,-3.07480560461225,5.41815985705302,0.000732679114794977,0.000732679114794977,"Not significant",FALSE
104,"Iraq","threat_composite",-0.141381643003037,0.00212939989907661,0,-0.145555580167817,-0.137207705838258,12956,6478,6478,0.297089237296814,"estimated",-47.5889481185704,1.49007231842188,6478,-40,1.49007231842188,0.141381643003037,0.141381643003037,"Effective (p<0.05)",TRUE
105,"Ireland","threat_composite",-0.0620020926702452,0.00258171116748713,1.92114827924164e-121,-0.0670632370237919,-0.0569409483166985,5656,2828,2828,0.228454285885878,"estimated",-27.139824683008,12.3823949200431,8502,-27.139824683008,12.3823949200431,0.0620020926702452,0.0620020926702452,"Effective (p<0.05)",FALSE
108,"Italy","threat_composite",-0.0310803442157354,0.00120872968466923,6.23257051675262e-145,-0.0334494639881867,-0.0287112244432842,53982,26991,26991,0.186239674986083,"estimated",-16.6883582770739,20.9768362223042,59153,-16.6883582770739,20.9768362223042,0.0310803442157354,0.0310803442157354,"Effective (p<0.05)",FALSE
110,"Japan","threat_composite",-0.00850334982853961,0.00110163677720493,1.19303104274035e-14,-0.0106625640953115,-0.00634413556176775,56992,28496,28496,0.149555907689641,"estimated",-5.68573315484521,18.3954067319268,67538,-5.68573315484521,18.3954067319268,0.00850334982853961,0.00850334982853961,"Effective (p<0.05)",FALSE
112,"Jordan","threat_composite",0.000943902374577842,0.0014022863560583,0.500895420247357,-0.00180500697150898,0.00369281172066466,6956,3478,3478,0.0231438420959684,"estimated",4.07841693122452,4.65792973323179,4098,4.07841693122452,4.65792973323179,-0.000943902374577842,0.000943902374577842,"Not significant",FALSE
113,"Kazakhstan","threat_composite",-0.0135801650463158,0.000191868973163413,0,-0.0139562224165293,-0.0132041076761023,416420,208210,208210,0.030431808337542,"estimated",-44.6249033106675,8.97152472287733,240570,-40,8.97152472287733,0.0135801650463158,0.0135801650463158,"Effective (p<0.05)",FALSE
114,"Kenya","threat_composite",0.0559849482989933,0.00169722194524597,7.20488423211554e-233,0.0526582686287616,0.0593116279692249,21678,10839,10839,0.124611157704193,"estimated",44.9277170122216,12.0151448876264,67847,39.999,12.0151448876264,-0.0559849482989933,0.0559849482989933,"Counterproductive (p<0.05)",FALSE
118,"Laos","threat_composite",-0.0516962771945161,0.00124676636651833,0,-0.054139990187255,-0.0492525642017772,30872,15436,15436,0.118314227215988,"estimated",-43.6940496599298,18.496816074735,41857,-40,18.496816074735,0.0516962771945161,0.0516962771945161,"Effective (p<0.05)",FALSE
119,"Latvia","threat_composite",-0.0594580997581563,0.00252441198498921,5.8182395831744e-115,-0.0644073576782655,-0.0545088418380471,3992,1996,1996,0.133857591289541,"estimated",-44.418922517099,14.9816622845946,8946,-40,14.9816622845946,0.0594580997581563,0.0594580997581563,"Effective (p<0.05)",FALSE
120,"Lebanon","threat_composite",-0.0469397284636357,0.013272359791661,0.000425509012493366,-0.0729874182213996,-0.0208920387058718,920,460,460,0.265499759552368,"estimated",-17.6797630787975,7.3507698797722,697,-17.6797630787975,7.3507698797722,0.0469397284636357,0.0469397284636357,"Effective (p<0.05)",FALSE
122,"Liberia","threat_composite",-0.0656113304207211,0.00441652665212513,1.31466350064815e-47,-0.0742724168237331,-0.0569502440177092,2162,1081,1081,0.0832202281213938,"estimated",-78.8406039034326,2.78814512652838,2652,-40,2.78814512652838,0.0656113304207211,0.0656113304207211,"Effective (p<0.05)",FALSE
123,"Libya","threat_composite",4.18801739306512e-05,0.00239982536529952,0.986088307208612,-0.00468100188922601,0.00476476223708731,298,149,149,0.00169756817125365,"estimated",2.4670687539884,0.00920537816496655,149,2.4670687539884,0.00920537816496655,-4.18801739306512e-05,4.18801739306512e-05,"Not significant",FALSE
125,"Lithuania","threat_composite",-0.0839155386558318,0.00314702734269762,9.52433200816517e-144,-0.0900855641533762,-0.0777455131582875,3802,1901,1901,0.198921114160172,"estimated",-42.185335131525,17.4003601910579,11111,-40,17.4003601910579,0.0839155386558318,0.0839155386558318,"Effective (p<0.05)",FALSE
127,"Madagascar","threat_composite",-0.0106151633291808,0.000423546041474485,3.38779707964908e-138,-0.0114453082990569,-0.00978501835930457,100656,50328,50328,0.0993647821713782,"estimated",-10.6830238010006,12.0000203839313,70644,-10.6830238010006,12.0000203839313,0.0106151633291808,0.0106151633291808,"Effective (p<0.05)",TRUE
128,"Malawi","threat_composite",0.00525483660183557,0.00372371976016546,0.158369983648334,-0.00204858574693383,0.012558258950605,1748,874,874,0.131330782283421,"estimated",4.00122234138168,18.0347016655373,20227,4.00122234138168,18.0347016655373,-0.00525483660183557,0.00525483660183557,"Not significant",FALSE
129,"Malaysia","threat_composite",-0.0825582893238512,0.00115648953765263,0,-0.0848250207724517,-0.0802915578752507,51184,25592,25592,0.1317803325133,"estimated",-62.648414789452,12.6148483059778,40819,-40,12.6148483059778,0.0825582893238512,0.0825582893238512,"Effective (p<0.05)",FALSE
131,"Mali","threat_composite",0.0240302676206264,0.000498661104446154,0,0.0230528986727515,0.0250076365685014,106170,53085,53085,0.100261741959533,"estimated",23.967534526106,7.30299779170856,91077,23.967534526106,7.30299779170856,-0.0240302676206264,0.0240302676206264,"Counterproductive (p<0.05)",FALSE
138,"México","threat_composite",-0.00687017859866266,0.000348333291720584,1.59505666329548e-86,-0.00755290263679207,-0.00618745456053326,248030,124015,124015,0.0795021470942484,"estimated",-8.64150070125551,12.0823165360051,233842,-8.64150070125551,12.0823165360051,0.00687017859866266,0.00687017859866266,"Effective (p<0.05)",FALSE
142,"Mongolia","threat_composite",-0.00284162609960697,0.000181324726250356,2.64712466137794e-55,-0.00319701916413113,-0.00248623303508281,137366,68683,68683,0.00926231781882908,"estimated",-30.6794277111752,15.6385750936908,232849,-30.6794277111752,15.6385750936908,0.00284162609960697,0.00284162609960697,"Effective (p<0.05)",FALSE
145,"Morocco","threat_composite",0.00236389379469698,0.00137315685469456,0.0851914490372926,-0.000327780016992166,0.00505556760638612,9706,4853,4853,0.0546448373155596,"estimated",4.3259233823794,2.39398340742958,7038,4.3259233823794,2.39398340742958,-0.00236389379469698,0.00236389379469698,"Not significant",FALSE
146,"Mozambique","threat_composite",-0.00839317404876773,0.000342707643842577,4.51980395787924e-132,-0.00906487675521309,-0.00772147134232238,100784,50392,50392,0.0395068355170427,"estimated",-21.2448654490361,28.4022916634895,223484,-21.2448654490361,28.4022916634895,0.00839317404876773,0.00839317404876773,"Effective (p<0.05)",FALSE
147,"Myanmar","threat_composite",-0.00738341550740338,0.000331774855268494,2.62177127513823e-109,-0.00803369434269554,-0.00673313667211123,65226,32613,32613,0.0306766973128792,"estimated",-24.0684824448281,6.50784691442467,43006,-24.0684824448281,6.50784691442467,0.00738341550740338,0.00738341550740338,"Effective (p<0.05)",FALSE
148,"Namibia","threat_composite",-0.00760022005851762,0.000131540961819165,0,-0.0078580363664275,-0.00734240375060775,410462,205231,205231,0.0207218496125845,"estimated",-36.677324662669,39.8227931600633,328413,-36.677324662669,30,0.00760022005851762,0.00760022005851762,"Effective (p<0.05)",FALSE
150,"Nepal","threat_composite",-0.0119519115728119,0.00151411883147324,3.16601856948975e-15,-0.0149198026261559,-0.00898402051946804,13182,6591,6591,0.143724292737431,"estimated",-8.31586041939814,22.8156476926681,33116,-8.31586041939814,22.8156476926681,0.0119519115728119,0.0119519115728119,"Effective (p<0.05)",FALSE
155,"Niger","threat_composite",0.00909257730616767,0.000256011430846313,9.7648393938953e-276,0.00859080218790979,0.00959435242442554,314006,157003,157003,0.0257803448602792,"estimated",35.2694168966567,19.0974156962597,216609,35.2694168966567,19.0974156962597,-0.00909257730616767,0.00909257730616767,"Counterproductive (p<0.05)",FALSE
159,"North Korea","threat_composite",-0.0725108726846213,0.039513132877854,0.0851492183174361,-0.156274972461218,0.0112532270919751,18,9,9,0.0840933558625089,"estimated",-86.2266369808992,0.00763864134032693,9,-40,0.00763864134032693,0.0725108726846213,0.0725108726846213,"Not significant",FALSE
160,"North Macedonia","threat_composite",-0.0333965781857326,0.00524374459210607,4.8898598644952e-10,-0.0437030707176388,-0.0230900856538264,434,217,217,0.0954079814945513,"estimated",-35.003966819736,26.7706067198453,6645,-35.003966819736,26.7706067198453,0.0333965781857326,0.0333965781857326,"Effective (p<0.05)",FALSE
162,"Norway","threat_composite",-0.0238797534689316,0.00125390463296666,1.08236371772995e-79,-0.026337608535555,-0.0214218984023082,12042,6021,6021,0.0437218416511802,"estimated",-54.6174464914998,17.745096456534,54961,-40,17.745096456534,0.0238797534689316,0.0238797534689316,"Effective (p<0.05)",FALSE
164,"Pakistan","threat_composite",-0.00743816719663678,0.00110541609486105,1.87264490330219e-11,-0.00960519006291371,-0.00527114433035986,5872,2936,2936,0.0458257025165595,"estimated",-16.2314308088325,8.54116860424775,67702,-16.2314308088325,8.54116860424775,0.00743816719663678,0.00743816719663678,"Effective (p<0.05)",FALSE
167,"Panama","threat_composite",-0.00831369686537525,0.00194272912607302,1.90092947055775e-05,-0.0121220842698571,-0.00450530946089341,6512,3256,3256,0.077423270892173,"estimated",-10.7379819653366,26.3429668279759,19488,-10.7379819653366,26.3429668279759,0.00831369686537525,0.00831369686537525,"Effective (p<0.05)",FALSE
169,"Paraguay","threat_composite",-0.0471857981799608,0.00193537941838355,1.68390280710592e-128,-0.0509794144904414,-0.0433921818694802,13416,6708,6708,0.186375852892163,"estimated",-25.3175491608682,6.60658271582489,23252,-25.3175491608682,6.60658271582489,0.0471857981799608,0.0471857981799608,"Effective (p<0.05)",FALSE
170,"Peru","threat_composite",-0.0103160220677412,0.000141298488501098,0,-0.0105929631758611,-0.0100390809596213,289074,144537,144537,0.0191337872476598,"estimated",-53.9152125724766,17.7120216784365,215697,-40,17.7120216784365,0.0103160220677412,0.0103160220677412,"Effective (p<0.05)",TRUE
171,"Philippines","threat_composite",-0.0102792883043722,0.000668469408457648,3.642645162108e-53,-0.0115895151521007,-0.00896906145664365,31170,15585,15585,0.0512535263949653,"estimated",-20.0557679195746,12.9582418829269,36546,-20.0557679195746,12.9582418829269,0.0102792883043722,0.0102792883043722,"Effective (p<0.05)",TRUE
173,"Poland","threat_composite",-0.0771949044054864,0.00105831445544352,0,-0.0792692057691213,-0.0751206030418515,58192,29096,29096,0.248774139445277,"estimated",-31.030116143751,38.8923520791653,119165,-31.030116143751,30,0.0771949044054864,0.0771949044054864,"Effective (p<0.05)",FALSE
174,"Portugal","threat_composite",-0.0033453955778879,0.00183947988999767,0.0689803805648173,-0.00695096754594442,0.000260176390168605,16942,8471,8471,0.20259308211961,"estimated",-1.6512881599347,19.8080308213491,17892,-1.6512881599347,19.8080308213491,0.0033453955778879,0.0033453955778879,"Not significant",FALSE
177,"Republic of the Congo","threat_composite",0.00502633502457497,0.000227896265689656,1.15998908304912e-107,0.0045796637003263,0.00547300634882364,189614,94807,94807,0.0253168002159043,"estimated",19.8537531667109,32.8369404820462,106812,19.8537531667109,30,-0.00502633502457497,0.00502633502457497,"Counterproductive (p<0.05)",TRUE
179,"Romania","threat_composite",-0.0417640985229993,0.000795489510959082,0,-0.0433232576051252,-0.0402049394408735,66710,33355,33355,0.136174491123419,"estimated",-30.6695462406004,21.4751546632684,48702,-30.6695462406004,21.4751546632684,0.0417640985229993,0.0417640985229993,"Effective (p<0.05)",FALSE
180,"Russia","threat_composite",-0.00693994951873012,0.000194499099538717,1.35823801133683e-278,-0.0073211613869114,-0.00655873765054884,723148,361574,361574,0.0360779180086797,"estimated",-19.2360033554611,9.74706291982377,1629386,-19.2360033554611,9.74706291982377,0.00693994951873012,0.00693994951873012,"Effective (p<0.05)",FALSE
181,"Rwanda","threat_composite",-0.15969724348117,0.0179899256546116,2.99849749143023e-16,-0.195160255848702,-0.124234231113637,214,107,107,0.446947263983348,"estimated",-35.7306681011743,9.15464743589744,2285,-35.7306681011743,9.15464743589744,0.15969724348117,0.15969724348117,"Effective (p<0.05)",TRUE
192,"Saudi Arabia","threat_composite",-0.0592411667871428,0.000447368359355666,0,-0.0601179963080552,-0.0583643372662305,290864,145432,145432,0.0920644639415866,"estimated",-64.3474846328659,10.7852938486735,207566,-40,10.7852938486735,0.0592411667871428,0.0592411667871428,"Effective (p<0.05)",FALSE
193,"Senegal","threat_composite",-0.00850540898131459,0.00216015351193433,8.46998623598148e-05,-0.0127413576871638,-0.00426946027546542,2414,1207,1207,0.0711963489130178,"estimated",-11.9464117348291,25.2398022949015,49074,-11.9464117348291,25.2398022949015,0.00850540898131459,0.00850540898131459,"Effective (p<0.05)",FALSE
194,"Serbia","threat_composite",-0.0243767129668402,0.00528761354103984,4.33148162032212e-06,-0.034747806908142,-0.0140056190255383,1662,831,831,0.140615042138701,"estimated",-17.3357790148761,11.2893838787334,8535,-17.3357790148761,11.2893838787334,0.0243767129668402,0.0243767129668402,"Effective (p<0.05)",FALSE
203,"South Africa","threat_composite",-0.00459281090198223,0.000591478889494695,8.3168746077016e-15,-0.00575211542592174,-0.00343350637804272,51588,25794,25794,0.0608399283550007,"estimated",-7.54900774238785,8.79289449165771,107304,-7.54900774238785,8.79289449165771,0.00459281090198223,0.00459281090198223,"Effective (p<0.05)",FALSE
205,"South Korea","threat_composite",-0.0244449073028113,0.00240549038307708,3.40198516761973e-24,-0.0291598994662204,-0.0197299151394022,17968,8984,8984,0.221692017328846,"estimated",-11.0265166952543,15.4606633886157,14841,-11.0265166952543,15.4606633886157,0.0244449073028113,0.0244449073028113,"Effective (p<0.05)",FALSE
206,"South Sudan","threat_composite",-0.0313746047753083,0.000718044859105816,0,-0.032782002563634,-0.0299672069869825,30572,15286,15286,0.119665840624686,"estimated",-26.218513663987,15.8152815847187,98146,-26.218513663987,15.8152815847187,0.0313746047753083,0.0313746047753083,"Effective (p<0.05)",FALSE
207,"Spain","threat_composite",-0.0264931863799803,0.000536005253706355,0,-0.0275437488654663,-0.0254426238944944,110644,55322,55322,0.144211559881844,"estimated",-18.3710559692211,26.8133003109027,127209,-18.3710559692211,26.8133003109027,0.0264931863799803,0.0264931863799803,"Effective (p<0.05)",FALSE
209,"Sudan","threat_composite",0.00321619047620536,0.00128384793953299,0.012769264525309,0.000689736246258906,0.00574264470615182,304,152,152,0.00188974310161666,"estimated",170.191941616505,0.787103779915253,14381,39.999,0.787103779915253,-0.00321619047620536,0.00321619047620536,"Counterproductive (p<0.05)",FALSE
212,"Swaziland","threat_composite",-0.0211991544810963,0.0112621988379573,0.0640708908891589,-0.0436725223618255,0.00127421339963278,72,36,36,0.13867513666872,"estimated",-15.2869180376139,4.7784121805329,703,-15.2869180376139,4.7784121805329,0.0211991544810963,0.0211991544810963,"Not significant",FALSE
213,"Sweden","threat_composite",-0.0345891898431381,0.00130377429379858,2.11900686035277e-152,-0.0371446982092637,-0.0320336814770125,19618,9809,9809,0.0867673977770817,"estimated",-39.8642701398086,14.9276452139464,65112,-39.8642701398086,14.9276452139464,0.0345891898431381,0.0345891898431381,"Effective (p<0.05)",FALSE
214,"Switzerland","threat_composite",-0.035175720748103,0.00809992836156875,1.58506911739599e-05,-0.0510749582069376,-0.0192764832892683,816,408,408,0.157616219999522,"estimated",-22.3173228924089,8.19444444444444,3127,-22.3173228924089,8.19444444444444,0.035175720748103,0.035175720748103,"Effective (p<0.05)",FALSE
216,"Taiwan","threat_composite",-0.0773623135715439,0.0228400838521911,0.000847390450478043,-0.122395213615667,-0.0323294135274208,206,103,103,0.242699108312548,"estimated",-31.875812857094,19.3219959722533,6908,-31.875812857094,19.3219959722533,0.0773623135715439,0.0773623135715439,"Effective (p<0.05)",FALSE
217,"Tajikistan","threat_composite",-0.0419393929262382,0.0109326229871576,0.000195261965904753,-0.0635714553431938,-0.0203073305092825,132,66,66,0.091992559023332,"estimated",-45.589983985119,18.7941500507658,26100,-40,18.7941500507658,0.0419393929262382,0.0419393929262382,"Effective (p<0.05)",FALSE
218,"Tanzania","threat_composite",-0.0554756657773049,0.000595271830711797,0,-0.0566423966769805,-0.0543089348776292,72238,36119,36119,0.104566794849941,"estimated",-53.0528509140167,38.3753605427019,341000,-40,30,0.0554756657773049,0.0554756657773049,"Effective (p<0.05)",FALSE
221,"Togo","threat_composite",-0.0276100784146369,0.00505864829045069,7.1784650785922e-08,-0.0375458336863285,-0.0176743231429454,576,288,288,0.10124276309887,"estimated",-27.2711624708168,10.6332112385673,4848,-27.2711624708168,10.6332112385673,0.0276100784146369,0.0276100784146369,"Effective (p<0.05)",FALSE
225,"Tunisia","threat_composite",-0.019753302399891,0.00140920290985462,3.92096034480401e-44,-0.0225156958540856,-0.0169909089456964,8230,4115,4115,0.0496462046050193,"estimated",-39.7881420282708,7.60134804800302,11661,-39.7881420282708,7.60134804800302,0.019753302399891,0.019753302399891,"Effective (p<0.05)",FALSE
226,"Turkey","threat_composite",-0.0294509460645482,0.0168561511306398,0.0828611924136451,-0.0627850093842509,0.00388311725515449,140,70,70,0.132574544563821,"estimated",-22.2146311431382,0.13427941425906,1045,-22.2146311431382,0.13427941425906,0.0294509460645482,0.0294509460645482,"Not significant",FALSE
230,"Uganda","threat_composite",-0.0130906316091574,0.00195096542861658,2.06103795079599e-11,-0.0169149459056324,-0.00926631731268244,9406,4703,4703,0.149341663991731,"estimated",-8.76555896007842,14.4633687057406,34333,-8.76555896007842,14.4633687057406,0.0130906316091574,0.0130906316091574,"Effective (p<0.05)",FALSE
231,"Ukraine","threat_composite",-0.0727941455446938,0.00394727388284369,1.02206234546765e-73,-0.0805323781026951,-0.0650559129866924,5456,2728,2728,0.259320280623671,"estimated",-28.0711348027321,15.5333505440837,87847,-28.0711348027321,15.5333505440837,0.0727941455446938,0.0727941455446938,"Effective (p<0.05)",FALSE
232,"United Arab Emirates","threat_composite",-0.0438441338887141,0.00168186771793991,6.59323259163324e-148,-0.0471406876057014,-0.0405475801717268,25986,12993,12993,0.144841281846013,"estimated",-30.2704680115485,18.6852303717525,13018,-30.2704680115485,18.6852303717525,0.0438441338887141,0.0438441338887141,"Effective (p<0.05)",FALSE
233,"United Kingdom","threat_composite",-0.0216846475669403,0.00184501889604632,9.62472736740413e-32,-0.0253011332234539,-0.0180681619104267,13896,6948,6948,0.149745166588215,"estimated",-14.4810333855857,25.4869196342998,61163,-14.4810333855857,25.4869196342998,0.0216846475669403,0.0216846475669403,"Effective (p<0.05)",FALSE
234,"United States","threat_composite",-0.0127936953094318,0.000421281293712873,1.28303794417594e-201,-0.0136194018268604,-0.0119679887920032,96534,48267,48267,0.0586951343789159,"estimated",-21.7968583679187,11.2405323556687,1030406,-21.7968583679187,11.2405323556687,0.0127936953094318,0.0127936953094318,"Effective (p<0.05)",FALSE
236,"Uruguay","threat_composite",-0.0238571833932689,0.00346072276289594,6.98239136369016e-12,-0.0306436189361588,-0.017070747850379,2320,1160,1160,0.249382990528558,"estimated",-9.56648380176389,0.682537701272028,1203,-9.56648380176389,0.682537701272028,0.0238571833932689,0.0238571833932689,"Effective (p<0.05)",FALSE
237,"Uzbekistan","threat_composite",-0.0131314496996177,0.000517604328678683,1.10163239174381e-140,-0.0141459715172453,-0.0121169278819901,34136,17068,17068,0.0300436230576563,"estimated",-43.7079431945251,11.7860068705811,51360,-40,11.7860068705811,0.0131314496996177,0.0131314496996177,"Effective (p<0.05)",FALSE
240,"Venezuela","threat_composite",-0.0529639218806293,0.00187699863651911,6.716989878469e-155,-0.0566443161937192,-0.0492835275675393,2890,1445,1445,0.110177460858128,"estimated",-48.0714671295877,50.1596713187607,427549,-40,30,0.0529639218806293,0.0529639218806293,"Effective (p<0.05)",TRUE
241,"Vietnam","threat_composite",-0.0334310052419267,0.000970287478999486,1.1796905547148e-255,-0.0353328027727817,-0.0315292077110716,33356,16678,16678,0.0917383464607306,"estimated",-36.4416915408837,7.3558836297643,22536,-36.4416915408837,7.3558836297643,0.0334310052419267,0.0334310052419267,"Effective (p<0.05)",FALSE
245,"Yemen","threat_composite",0.0281452165697939,0.00617471041689261,5.61595075227405e-06,0.0160324135545652,0.0402580195850227,1386,693,693,0.10239175979154,"estimated",27.4877750192936,1.07670708924288,4870,27.4877750192936,1.07670708924288,-0.0281452165697939,0.0281452165697939,"Counterproductive (p<0.05)",FALSE
246,"Zambia","threat_composite",0.00234060775355416,0.00090473511152995,0.00969057855910108,0.000567193383590984,0.00411402212351733,12924,6462,6462,0.0331025386661657,"estimated",7.07078021162922,38.6244652359918,277623,7.07078021162922,30,-0.00234060775355416,0.00234060775355416,"Counterproductive (p<0.05)",TRUE
247,"Zimbabwe","threat_composite",-0.0124378426667953,0.000489013846992795,3.89260620148468e-142,-0.0133963067914032,-0.0114793785421875,79480,39740,39740,0.0786065829969242,"estimated",-15.822902093686,27.216450407547,104813,-15.822902093686,27.216450407547,0.0124378426667953,0.0124378426667953,"Effective (p<0.05)",FALSE
