"bio_bin","biodiversity2024","delta_norm","size"
1,62.2184516381697,-9.51547117185086,7150.64288914166
2,100.568088937635,8.18963071106955,3690.79606081947
3,111.476630444397,-44.0613452447958,725.701470251726
4,116.858400012076,-76.6866346715572,102.988020675239
5,119.631804644727,-28.8388368196363,133.571365281351
6,122.136075587567,-20.7029026019267,762.427760523007
7,126.215839657604,-50.4328175706235,352.574126115039
8,129.18303275406,-70.441625424863,249.693095664833
9,131.358841888389,-89.6810866110947,23.8017678472319
10,133.497754563892,-55.1491653923524,2930.01609271837
11,136.518669869667,-51.3588976888206,791.255721814248
12,139.253196602732,-39.9323411564996,647.282589252621
13,141.951506797186,-46.4764310017827,335.479325891251
14,144.097276133257,-38.2873373541793,23.0317009930716
15,146.384216716359,-59.5174148904373,57.2852077560902
16,147.660747036784,3.41139574676007,174.858937381841
17,149.275558604858,-45.8309229143154,73.5450865537229
18,150.615060126157,-16.9542723143666,70.3942489731446
19,151.52675500617,-51.1261597640997,38.7622099641212
20,152,-9.69811804173845,9.09080891747652
21,152.391368655261,-40.4870539267128,25.5677436490232
22,153.167308540636,-62.0377253033518,47.1282000702332
23,154.13890596357,-33.6033750986219,153.977725935395
24,155.025279986136,-98.9432792471527,8.8038648645245
25,156.178910013168,-1.69441980803493,121.529506584181
26,157.245050157406,-11.2180802602478,125.390314184517
27,158.041789752668,-60.3439416749367,68.9200831799261
28,158.996293800539,-30.980900978087,7.11663455355655
29,159.791032712621,-31.1683415882964,330.16046478036
30,160.751423941276,-23.7888561014431,735.505992714801
31,161.817656760511,-67.449928585025,30.9572356083371
32,163.006729049663,-25.793300269388,749.563507419084
33,164.48629273137,-67.7387924786067,23.2608447504749
34,165.528387787068,-29.3727372439042,246.77108116503
35,166.455198001518,-41.1217355768945,51.6841920135186
36,167.251399326815,-28.1835070429482,46.4121843582244
37,168.130199770174,-14.1480558146138,353.963013987264
38,169,-29.7463690856315,5.80258022544219
39,169.817884722503,-72.0628822354333,65.4882158230707
40,170.560015391996,-38.1164265889238,247.383826835402
41,171.489584825085,-52.9594412517499,91.5613272750598
42,172.713603342967,-66.8410927483058,59.8167320198198
43,173.014012825171,-40.757987505561,15.6756231693189
44,173.970350404313,-42.4577356158045,13.6241127539622
45,174.554265249776,-50.8822027700368,94.1980317978132
46,175.329245123581,-19.3283940257807,258.412944278132
47,176.04839677696,-52.5816688318694,191.970015188947
48,177.015553749782,-60.2570293980003,165.978710503613
49,177.982512073498,-21.1612117173405,14.5005191880101
50,178.730090361126,-71.0940612314177,159.610044563874
51,179.080814448247,-27.2472037446241,63.4870866661775
52,179.951724382738,-39.1969293925956,43.08277968947
53,180.869013045737,-15.9416755799143,25.2177248615538
54,181.836078663441,-102.248288172368,77.2898760571662
55,182.231227789713,-34.2857430898783,214.732673472169
56,183,-45.0275620239669,7.12534059039544
57,183.447499499049,-32.725843533108,124.058211147566
58,184,-87.2492138080338,4.65628095995062
59,184.777672265215,-38.6301557551426,91.3264831602902
60,185.851846580521,-71.7747796843136,503.664772146439
61,186.608850739969,-75.6602613976555,86.2774650504792
62,187,-39.8452753598549,4.01588603042422
63,187.781783823163,-59.8372330254389,179.738194776558
64,188.19757973572,-18.4703790946726,59.3657236349868
65,189,-79.4092635421477,7.21839866884903
66,189.551285291983,-57.7578101515011,150.041957564526
67,190.030940977737,-21.5304134778312,59.536179171224
68,190.962925059593,-78.4809860639321,42.387156240772
69,191.109090263601,-45.89577256445,117.387379848253
70,191.972069188998,-67.0343442369195,13.2319333441755
71,192.137485820058,-84.1831955873417,203.005005698446
72,193,-58.7387999369249,9.34694376478509
73,193.035178026969,-60.1219452555457,4.88952724517362
74,193.934642771837,-101.921262526761,57.0985491105014
75,194,-95.5903576423043,14.6605167864867
76,194.599677758657,-63.1481545496033,74.9074332724516
77,195,-55.6311159725295,4.49036610889918
78,195.457185508868,-77.3784166841231,138.39199157392
79,196,-53.4643933646344,8.9423793369993
80,196.146567576635,-62.9226939912317,246.271921930187
81,197,-99.3995785353613,12.1858530690634
82,197,-52.9405970295681,6.8911327264188
83,197.701808088731,-37.7360990375353,101.552843197303
84,198.002690701398,-39.2327029488395,12.853422856524
85,198.835613400131,-62.1869720200303,82.4343895883682
86,199.351966287076,-81.1889752905402,153.193003225337
87,200,-71.0016887439659,3.3531586972779
88,200.5406856169,-60.0864976779996,32.0847100218268
89,201,-106.700715439992,18.5807667613847
90,201.489792553566,-115.477139597397,902.732829385942
91,202,-72.9418272373501,20.7160999426682
92,202.663092910084,-43.800643967573,81.5493633366654
93,203,-114.462232117396,2.27078318547513
94,203.647710284291,-73.7747746577354,33.035659285184
95,204.24761786371,-69.1718677843928,132.168373301244
96,205.009815038572,-52.8897775780096,5.72876457358746
97,205.880985507974,-70.3550697979709,126.801777358731
98,206.039625393711,-62.8400382282176,1558.72328157295
99,206.938162758306,-42.4873443773225,54.6592780208965
100,207.024887409015,-70.0918385675438,24.7202898614969
101,207.89666112098,-70.0222982973172,59.9492401388073
102,208,-89.644378544859,11.0282134347183
103,208.817060842859,-75.1321584506641,36.1224004532822
104,209.066473633266,-95.5529492786377,38.4688717833542
105,209.938583292735,-61.8538687531597,45.2578053210458
106,210.199362135293,-51.1244397855218,98.6900717810034
107,211,-104.65124857094,22.3765403698036
108,211.150769796152,-81.3041271206192,1947.01690574665
109,211.981290059127,-26.5785867996759,42.5539905773477
110,212.50995397461,-88.7744024241744,230.165537260192
111,213.029328280228,-83.3451224264906,43.7836552100918
112,213.936094500922,-71.2506740368955,340.119096109339
113,214.624686053749,-70.7531267166734,161.279909370814
114,215,-19.6984458520748,13.0597929808787
115,215.566389834614,-30.8024036504401,356.046109504464
116,216,-44.0266923673401,22.8369098932502
117,216.014666036061,-75.885181665957,29.9864744365147
118,216.841323256436,-31.8472062374028,169.992412258893
119,217.340720034495,-37.1999323231221,127.53754245815
120,218.073234824759,-46.3438132067514,624.369912450486
121,218.866469010771,-17.6027828988798,70.4119065347058
122,219.034912106361,-31.6259691809854,21.7125477114008
123,219.890542471046,-38.0233564992531,118.321148195686
124,220.112792659953,-49.2152617696312,70.7269704344336
125,220.912104381913,-13.7423596223652,126.766926493036
126,221.009392410655,-38.1185478603726,47.6097558388209
127,221.763444170272,-20.7064342992703,202.786604174274
128,222.001038731893,-17.5258736222092,14.0475448974196
129,222.658071875531,-38.9812271467814,352.320551707862
130,223,0.505779826894312,11.8377054385938
131,223.47750716012,-24.1755914165854,196.791073486574
132,224,-85.9490050841049,17.0257446581415
133,224.37003020568,-76.2882230542355,157.427829086385
134,225,-3.54260506141878,7.97478076829956
135,225,37.004555463672,16.5464498419383
136,225.188985443154,-61.3805940367805,904.050634826817
137,225.970078897946,-70.6942627646534,54.5026800637149
138,226,-27.0786688043199,10.7957701011716
139,226.528879490554,-53.4566266126852,260.69867958522
140,227,-68.584692476031,12.5726679058039
141,227.156392016384,-47.8512887246197,87.2229590553882
142,227.943654595623,-38.0082112820127,478.449635373219
143,228,-32.6936722133396,8.71782457693473
144,228.544078627775,-50.0647920384417,165.567349086561
145,229,-44.4931127765942,11.9490526904531
146,229,23.7795774853297,10.1213902296407
147,229.382038997551,-6.75624604322302,352.879498647892
148,230,-38.59970217158,13.3916514069786
149,230.061826704281,-27.428415407861,59.4928768877164
150,230.8926844654,-18.4573267950315,50.1495791209033
151,231,-4.77025144224194,21.1403391083446
152,231.490730945807,-29.3380676692739,177.219422335393
153,231.994076756277,7.39705613170903,51.5833430987528
154,232,-39.4032089824067,9.43144682250898
155,232.369116631436,-37.4877462130041,766.441937222037
156,233,11.1203008631714,17.0926284650921
157,233,-22.9964569689996,9.09729374326898
158,233.498256005181,-34.8409667147665,320.02391008149
159,234,-22.5605298457176,9.88119795019105
160,234.042368588142,-33.8165175349294,120.400679535906
161,234.828410647356,-77.6088782615997,148.3497274005
162,235,10.0250960695998,10.7168634673637
163,235.234003369354,-50.9364152633997,97.5821004167967
164,235.99174364029,-33.9116304351437,80.8262387929305
165,236.040585594772,-26.1538685067608,98.3670571456002
166,236.851473564944,-57.6787123258172,122.706488244408
167,237,-63.1699956129528,18.2545765503408
168,237.004064929202,-107.598788873559,23.9815964795147
169,237.663604829666,-44.241305887764,219.509922168337
170,238,-51.1891059310815,19.48847841671
171,238.017375160825,-51.6002822107475,59.3442409580207
172,238.726251361572,-38.0750173663464,222.288481985263
173,239,-93.4974475674647,27.6655344370053
174,239,3.72308969293657,35.6015131340595
175,239.216745498758,-62.7293144002804,940.529229961213
176,239.859497826815,-55.7864862902566,92.9775375098653
177,240,-58.6102346012653,27.8376588324086
178,240.138170960127,-50.058886428394,127.044813109293
179,240.847216087275,-49.7886694307489,88.3475470800943
180,241,-72.0486608346737,22.62794126592
181,241.209108426036,-49.9760686694532,215.491354635553
182,241.890562298013,-64.7953141322978,163.468213794184
183,242,-27.5769633777161,24.1859202200392
184,242.092957684138,-39.1379038223826,2065.09979622935
185,242.731168559469,-14.8320895935057,88.6977881655992
186,243,36.8370329068181,34.6982816756032
187,243.032792832605,-33.9077652709348,66.3043079837957
188,243.524813860366,-71.7439687847107,203.933935254436
189,244,-50.734823715664,44.1734081927674
190,244,-54.3713753072273,9.97185987707382
191,244.121087428605,-54.3952191759612,156.398743731491
192,244.865370352757,-89.1580351349011,101.716650368573
193,245,-102.343677004317,31.6279187178884
194,245,-18.7819634678031,16.1583976645793
195,245.084894817078,-84.3249126141898,144.028489556916
196,245.829539563947,-32.8409283496705,98.4612570246411
197,246,6.40589615309559,24.0967807479129
198,246.021959961837,-72.0636732764876,49.1229970211856
199,246.686499974516,-43.9682553388006,1155.78644785653
200,247,-15.2381136228728,23.7295590951687
201,247,-57.5760332116994,12.5971302249774
202,247.217684949645,-61.899663305077,158.445982863235
203,247.88884806469,-69.1308312648246,201.459300439922
204,248,-44.1543383580391,41.6671304531894
205,248.159599314139,-37.6905476395784,395.293202309781
206,248.880681389209,-78.724197288797,334.896219373236
207,249,-38.2905173045696,26.5029371374679
208,249,-6.36793663506788,14.65880405845
209,249.009530166782,-0.505805186469854,30.504629293062
210,249.599758520124,-69.380725731763,292.512480319362
211,249.998239503999,-84.6075518380123,32.355391342961
212,250,-66.9951453699907,12.3414304882481
213,250.22380113635,-66.7464554609535,49.0862993045216
214,250.936172072199,-30.7765400975692,95.546258694957
215,251,-29.5419989350329,17.4210673079446
216,251.246499440585,-58.7877618651357,186.857186395478
217,251.976817162295,-69.4275631197603,92.9043069871392
218,252,-70.8555380253226,24.3035527688775
219,252,-74.9923668130332,12.2950071821282
220,252.46552494998,-52.9845120477857,142.827395879752
221,253,-122.102611407583,29.4663310148565
222,253,7.43534975088096,11.5875059444889
223,253.056169278967,-76.9747895263346,87.6299091008134
224,253.805649818915,-72.1355487175913,66.7818337258657
225,254,-17.8186289007514,19.9647049227946
226,254,-33.7293362943119,22.8213776736422
227,254.17512818393,-73.7074600081401,212.110692064532
228,254.908428606912,-63.3318335634601,65.2303546327906
229,255,-45.877208958612,27.9786214249506
230,255,-36.5845789758345,11.6015436176721
231,255.627369187691,-21.1940064613374,226.967027601244
232,256,-61.2321553755401,23.6963434660985
233,256.644298506199,-39.8214000230357,622.33873125918
234,257,-74.1779529871485,31.8261306972543
235,257.003094269392,-84.9018827953663,49.663715093905
236,257.672085485053,-27.3549265802425,141.981360951702
237,258,-13.4912209567803,28.529989347571
238,258.315532072942,-56.7530949877733,240.602282309922
239,259,-61.3827799557172,20.5525315532698
240,259,-38.7917326323708,19.549616913623
241,259.393361735792,-55.290694312707,107.06993733744
242,259.999888355476,-112.531199453718,59.4341014378813
243,260,-31.3981469403242,16.0719851773989
244,260.17709712231,-52.0789029400567,327.457730084042
245,260.91703805124,-80.4979163996075,78.7379677203369
246,261,-10.1974931436728,22.0335721414254
247,261.544762023905,-43.4491106233651,181.258383862271
248,262,-62.2510296254802,32.2691770847573
249,262,-61.8350176438349,18.9357357385365
250,262.273126647103,-66.0527978814864,117.662400818745
251,262.970776509174,-41.9285301334639,100.053659962851
252,263,-13.242042620657,12.4815225217098
253,263.428235151628,-74.3935700576584,202.694939184713
254,263.987442506047,-72.1383978307054,66.0079832061268
255,264,-109.18816215909,29.2834415979124
256,264.310654390628,-75.164679178923,316.051262099313
257,264.993233980743,-83.605246294779,50.7494883506327
258,265,-53.9230874685506,23.8890925334443
259,265.511915979499,-58.1168158270746,140.560308847939
260,266,-57.0900184386284,34.8687790832644
261,266.465405769667,-74.3412571821981,129.285514263038
262,267,-73.2501765256485,9.89268538782865
263,267.713211395154,-70.0518803457136,231.272323736822
264,268.019196951729,-18.8855365734154,73.3583701332582
265,268.827978240796,-61.5222357823702,157.489907026957
266,269.3666293557,-44.2476357211787,178.990600320967
267,270,-85.2049138710336,36.6756142353987
268,270.370652717696,-29.2317257077618,159.788961259619
269,271,-30.1937315193492,25.7005065041892
270,271.250445394197,-40.3364739256362,104.767956073682
271,272.011463575357,-76.3316731170157,52.1722240721351
272,272.846074111682,-46.9060951855439,130.237702660658
273,273.37303113122,-38.85581317479,80.2056682899944
274,274.009779820992,-16.9571693224549,42.4289149629279
275,274.814235121373,-34.3028146890022,241.285251972258
276,275.347240714025,-72.6720640242161,138.29676074492
277,276.000421629598,-53.953862305016,15.7861055778782
278,276.870739483609,-68.0369547089717,35.800077995556
279,277.558560458171,-20.7399574633256,387.790654296142
280,278.287439275158,-16.0288234159327,167.569419679004
281,279.399224718926,-70.5194956097722,49.2571094216577
282,280.470668248429,-55.5776886598034,93.4182982068354
283,281.443787233361,-53.0838942465551,132.600014065987
284,282.209835618862,-45.4966747309209,42.405318022154
285,283.150193759663,-40.3230005428603,142.634924784649
286,284.00033101622,-100.094613531359,21.8510393689344
287,284.841223357731,-56.0183750939463,214.630563996932
288,285.7088654973,-57.0174032427155,206.869629242698
289,286.834574079717,-43.5985473722433,93.5164524510217
290,287.811056689581,-102.960302287103,77.6085080327198
291,289.005877908369,-39.7792017041733,201.660737613728
292,290.518934106866,-40.4668887527993,169.416891221752
293,291.537579293179,-44.2773445696454,72.6279144867343
294,292.763654468907,-29.380283335015,179.996038143293
295,294.169409002432,-64.669127914591,139.301126435807
296,295.131720277362,-47.7587198391415,66.8850651012298
297,295.991828448599,-37.3055333273369,13.4949739221749
298,297.28922611547,-50.1100323181496,328.575193057552
299,299.427653356785,-61.6655540550174,180.769750665508
300,301.581707018484,-15.3483069894003,372.562986347936
301,303.821824432788,-49.550279876159,207.877565491134
302,306.052541368993,-60.1151540589138,81.2160868507334
303,308.226626771292,-25.134424944784,326.684034651096
304,310.792878427992,-2.49092365323062,335.508230350414
305,313.969572890921,-55.7263299586699,436.452928031535
306,316.268835499642,-24.0566835037055,584.776648978838
307,319.873600993073,-41.6797291170675,307.705857083897
308,322.587664540531,-55.9688891867616,500.038477525003
309,325.53060088549,-52.8103459864921,112.767494653054
310,327.718994289306,-73.8703274566552,380.509808416298
311,329.913050605364,-81.8271504106805,200.448962674486
312,332.008440766961,-66.5197340899515,134.451489587098
313,334.26963972643,-73.3129224276892,348.557934866755
314,336.346600888587,-74.3780629726822,112.425111057543
315,338.799331573153,-89.7594431826577,454.681503594658
316,341.114686933812,-86.1722952630829,187.070733657767
317,343.120112602731,-90.2159290800696,351.751274882252
318,345.826689436424,-48.6259482973814,353.605154033636
319,348.952128314557,-47.1582299679281,309.491374766882
320,352.966205632894,-76.4295246168372,136.008196223048
321,355.853859170892,-44.1914589779034,211.646028266864
322,357.923571601396,-39.0800483022983,35.2962756054889
323,360.766387397301,-41.657369124077,215.213049423516
324,363.997523713314,-20.7890432744812,132.219468254875
325,367.714834520486,-47.1167869352906,483.696997879632
326,371.807318645583,-35.1408133677575,848.63445919043
327,377.324493297525,-15.3142015397551,979.409600275344
328,382.790798256325,-15.1420411578936,369.470110190731
329,387.855608628401,-11.5143960545845,355.506570519122
330,393.083902718401,-7.93382694306667,321.482183710918
331,397.939199934669,-45.3090553026368,473.978722510584
332,403.358395152018,-5.26823702499545,387.357748820479
333,409.42211767369,-15.577289394025,1077.46857562224
334,415.003207107844,7.78865148491725,232.656094187768
335,421.71758601323,-10.0264573272093,585.854328271528
336,429.578604212988,-23.792910112478,296.292290366262
337,437.321066594701,-1.43130145946401,1411.65492553224
338,443.939780329956,-25.4219462287505,923.02443543639
339,451.203749175635,-29.7883144759113,847.768867117778
340,458.688208253273,-33.1529416853352,643.813118609644
341,463.927259954438,-32.8272526194819,601.731096723533
342,468.812382891872,-43.239465896291,319.55461766903
343,473.116983055496,-18.8294167815767,136.387162318659
344,479.552187108874,5.14976493270372,114.239776230445
345,485.772666682763,-19.646937750551,658.565869880798
346,489.92660600684,-17.7943234297268,622.748569771988
347,494.417970016108,-41.3815570717267,1188.81173868504
348,499.173214968311,-21.9567133647082,166.742159126888
349,504.142398564233,-50.3929636096768,113.416005947499
350,509.519621842423,-14.2440605912765,199.767752011139
351,515.8535395216,-39.4396597280817,288.73419339142
352,523.059638836613,-24.069121592465,823.959324528252
353,530.872833379762,-25.8506727454879,1364.34429786849
354,542.575841333133,-50.0968937204367,406.591410011302
355,554.731744526848,-71.7515729093573,1430.38887126022
356,566.81832023499,-36.6534699899169,2042.54292021072
357,576.990376867559,-59.334322453066,604.58151508548
358,587.861745875615,-47.6088635270759,381.304673221717
359,597.638122892567,-40.1630958530838,418.865070363036
360,605.046819379279,-56.9497129807644,333.619338916031
361,614.066055947392,-46.5018731097557,740.996119271538
362,619.896223806773,-17.5639445224715,261.624428392819
363,626.607604960063,-38.7050707033656,154.894639507974
364,632.126129736578,-5.69006764741248,403.081723609896
365,637.632820348584,-21.3692145121694,206.568821737409
366,640.881260882594,-1.31214698698361,186.842193386339
367,648.453667395706,-5.94081094641619,796.097474214045
368,654.67510213281,-41.7034359813818,181.296405462476
369,659.461442593216,-28.29088383327,493.628114711439
370,664.880702547254,-57.5606930154333,379.539170586532
371,672.658655260717,-48.58505534728,262.000814975493
372,679.84502346834,-45.0782214177816,1155.652336543
373,686.030305794821,-81.3981591503562,416.447300997261
374,692.816811533877,-22.2598920585622,281.881313129147
375,698.643240614237,-57.5911992636257,608.610653897483
376,706.520914886817,-30.493609607325,426.834972579002
377,714.153554361922,-116.876481251511,455.298876930567
378,722.016730643216,-23.1792751757872,277.294110875921
379,729.098925142868,-47.6269619059042,249.19585235118
380,737.99119133941,-96.892347152792,192.278677542528
381,744.837446827303,-53.1521421889901,251.634172039528
382,754.532823632642,-31.8909230383436,397.977020853183
383,766.136907700106,-31.6381666663242,184.059619773075
384,777.526314024811,-83.6992273052416,149.837382361616
385,787.74095506212,-74.4186570344875,388.526740985174
386,800.971923129442,-65.7017043879515,2900.78342380504
387,812.90762779427,-76.217881424843,2328.63542174134
388,825.129114230634,-78.6837734907507,2156.71307060922
389,836.752654278872,-84.0359098809206,3180.54547439985
390,848.362335868695,-69.4341742116952,1780.33155748574
391,858.313677776229,-43.5903139059745,1203.20600054018
392,871.399990867118,-63.5974665159569,994.668381549654
393,884.699968924206,-68.0305507129287,2526.54738440911
394,900.018025846727,-64.7734350581039,1651.57502396928
395,929.287975700348,-31.9100164333699,1827.82235304048
396,944.858787666928,-38.1529192939773,2531.26757622819
397,956.871384075015,-49.0975570405857,2183.57517280961
398,968.618475195287,-46.4316899415274,2747.95950999223
399,988.884842061607,-29.6324387438824,1820.87172963517
400,1045.01778289554,-12.1742645938912,1039.54744655562
