"country_id","country_name","coef","pval","control_mean","coef_pct","gid_0","sig","coef_bin","on_map"
4,"Algeria",-0.0152854330020464,1.46737385412868e-71,0.0925497212267564,-16.5159146882739,"DZA",TRUE,"-20 to -10%",TRUE
7,"Angola",0.000829488188442777,7.23157820738895e-17,0.00699770850287359,11.853711655782,"AGO",TRUE,"10 to 20%",TRUE
11,"Argentina",-0.0133461612528317,2.95091860319637e-132,0.0913470560895087,-14.6103901145474,"ARG",TRUE,"-20 to -10%",TRUE
14,"Australia",-0.00418913779322694,0,0.0202373399415726,-20.7000416325537,"AUS",TRUE,"-30 to -20%",TRUE
15,"Austria",-0.0155167958406969,1.10293860001835e-11,0.203273191777868,-7.63346888243542,"AUT",TRUE,"-10 to -2%",TRUE
16,"Azerbaijan",-0.0364982365318378,2.03322879458732e-15,0.117163707977458,-31.1514863790927,"AZE",TRUE,"< -30%",TRUE
19,"Bangladesh",-0.0497039772473289,4.24834906924428e-06,0.251527805412636,-19.7608280984238,"BGD",TRUE,"-20 to -10%",TRUE
21,"Belarus",-0.059775770832048,1.86767563185234e-204,0.120522386528779,-49.5972346330649,"BLR",TRUE,"< -30%",TRUE
24,"Benin",-0.16888274850106,2.0888341511731e-14,0.289853730636649,-58.2648179583949,"BEN",TRUE,"< -30%",TRUE
27,"Bolivia",-0.00330012913376887,6.64620261152826e-09,0.0609515130244015,-5.41435145744075,"BOL",TRUE,"-10 to -2%",TRUE
29,"Bosnia and Herzegovina",0.00632596858151393,0.126090352156302,0.0891103128567679,7.09903082899285,"BIH",FALSE,"2 to 10%",TRUE
32,"Brazil",-0.0434837776343977,0,0.0657642994046586,-66.1206430054623,"BRA",TRUE,"< -30%",TRUE
36,"Bulgaria",-0.0223073224537435,1.73095188712263e-129,0.175856131961062,-12.6849841429941,"BGR",TRUE,"-20 to -10%",TRUE
41,"Cameroon",-0.0207544281384165,0,0.0646554550829496,-32.1000418476517,"CMR",TRUE,"< -30%",TRUE
42,"Canada",-0.00398658198344768,8.89591873074778e-112,0.0496410980514982,-8.03080942994442,"CAN",TRUE,"-10 to -2%",TRUE
45,"Chad",-0.0297170537652871,0,0.153942670025123,-19.3039744993622,"TCD",TRUE,"-20 to -10%",TRUE
46,"Chile",-0.000711253975767729,0.00221965563018568,0.00944381932443278,-7.53142294799725,"CHL",TRUE,"-10 to -2%",TRUE
47,"China",-0.02147659341365,1.29444195595251e-06,0.0418485059104024,-51.3198570568597,"CHN",TRUE,"< -30%",TRUE
50,"Colombia",-0.0191636465847843,6.38856852626314e-141,0.118689179033127,-16.1460772927207,"COL",TRUE,"-20 to -10%",TRUE
54,"Côte d'Ivoire",-0.0408567247704619,6.37359116077849e-22,0.139683657008456,-29.2494667203541,"CIV",TRUE,"-30 to -20%",TRUE
55,"Croatia",-0.0121740754562076,3.31995353748384e-14,0.15094931952407,-8.06500850390803,"HRV",TRUE,"-10 to -2%",TRUE
60,"Democratic Republic of the Congo",0.00330690657119988,1.8663886114546e-25,0.0349397375493471,9.46460048971281,"COD",TRUE,"2 to 10%",TRUE
62,"Djibouti",-0.00410829413835395,0.565318654401074,0.111681668474775,-3.67857518110224,"DJI",FALSE,"-10 to -2%",TRUE
65,"Ecuador",-0.026466408355196,0,0.0836391579780308,-31.643561454968,"ECU",TRUE,"< -30%",TRUE
67,"El Salvador",-0.0897494261567607,6.35573677316894e-57,0.361069809383748,-24.8565301845479,"SLV",TRUE,"-30 to -20%",TRUE
70,"Estonia",-0.0724829500102744,1.33581086401739e-194,0.122020944579616,-59.4020561469928,"EST",TRUE,"< -30%",TRUE
71,"Ethiopia",0.006639594115796,2.92023302788187e-46,0.116252667655838,5.7113477476941,"ETH",TRUE,"2 to 10%",TRUE
75,"Finland",-0.0340073168775171,1.28648356949793e-166,0.0709075968085673,-47.9600471714311,"FIN",TRUE,"< -30%",TRUE
76,"France",-0.0267412616411951,0,0.232327368784196,-11.510164205421,"FRA",TRUE,"-20 to -10%",TRUE
80,"Gabon",-0.000397341206921461,0.260232076714313,0.0232966300739628,-1.7055737489069,"GAB",FALSE,"-2 to 0%",TRUE
81,"Gambia",0.00214004775320363,0.890720862602121,0.0714377555876313,2.99568167504713,"GMB",FALSE,"2 to 10%",TRUE
91,"Guatemala",-0.0354340820405476,2.15032062573265e-27,0.195813420908073,-18.095839333292,"GTM",TRUE,"-20 to -10%",TRUE
93,"Guinea",-0.004011033921417,3.86330952754438e-16,0.142007990010195,-2.82451284686802,"GIN",TRUE,"-10 to -2%",TRUE
95,"Guyana",-0.00398553786824294,5.39215349021073e-41,0.00644123867085377,-61.8753328653581,"GUY",TRUE,"< -30%",TRUE
98,"Honduras",-0.0138572264680839,9.37346682010884e-14,0.13779680615313,-10.0562755080728,"HND",TRUE,"-20 to -10%",TRUE
100,"Iceland",-0.0435131584888533,9.87847502017183e-12,0.0884284435407157,-49.2071970811272,"ISL",TRUE,"< -30%",TRUE
102,"Indonesia",-0.0493103047111497,7.01371340651905e-193,0.0632313585946013,-77.9839399423561,"IDN",TRUE,"< -30%",TRUE
103,"Iran",-0.000732679114794977,0.242728794822363,0.023828469471239,-3.07480560461225,"IRN",FALSE,"-10 to -2%",TRUE
104,"Iraq",-0.141381643003037,0,0.297089237296814,-47.5889481185704,"IRQ",TRUE,"< -30%",TRUE
105,"Ireland",-0.0620020926702452,1.92114827924164e-121,0.228454285885878,-27.139824683008,"IRL",TRUE,"-30 to -20%",TRUE
108,"Italy",-0.0310803442157354,6.23257051675262e-145,0.186239674986083,-16.6883582770739,"ITA",TRUE,"-20 to -10%",TRUE
110,"Japan",-0.00850334982853961,1.19303104274035e-14,0.149555907689641,-5.68573315484521,"JPN",TRUE,"-10 to -2%",TRUE
112,"Jordan",0.000943902374577842,0.500895420247357,0.0231438420959684,4.07841693122452,"JOR",FALSE,"2 to 10%",TRUE
113,"Kazakhstan",-0.0135801650463158,0,0.030431808337542,-44.6249033106675,"KAZ",TRUE,"< -30%",TRUE
114,"Kenya",0.0559849482989933,7.20488423211554e-233,0.124611157704193,44.9277170122216,"KEN",TRUE,"> 30%",TRUE
118,"Laos",-0.0516962771945161,0,0.118314227215988,-43.6940496599298,"LAO",TRUE,"< -30%",TRUE
119,"Latvia",-0.0594580997581563,5.8182395831744e-115,0.133857591289541,-44.418922517099,"LVA",TRUE,"< -30%",TRUE
120,"Lebanon",-0.0469397284636357,0.000425509012493366,0.265499759552368,-17.6797630787975,"LBN",TRUE,"-20 to -10%",TRUE
122,"Liberia",-0.0656113304207211,1.31466350064815e-47,0.0832202281213938,-78.8406039034326,"LBR",TRUE,"< -30%",TRUE
123,"Libya",4.18801739306512e-05,0.986088307208612,0.00169756817125365,2.4670687539884,"LBY",FALSE,"2 to 10%",TRUE
125,"Lithuania",-0.0839155386558318,9.52433200816517e-144,0.198921114160172,-42.185335131525,"LTU",TRUE,"< -30%",TRUE
127,"Madagascar",-0.0106151633291808,3.38779707964908e-138,0.0993647821713782,-10.6830238010006,"MDG",TRUE,"-20 to -10%",TRUE
128,"Malawi",0.00525483660183557,0.158369983648334,0.131330782283421,4.00122234138168,"MWI",FALSE,"2 to 10%",TRUE
129,"Malaysia",-0.0825582893238512,0,0.1317803325133,-62.648414789452,"MYS",TRUE,"< -30%",TRUE
131,"Mali",0.0240302676206264,0,0.100261741959533,23.967534526106,"MLI",TRUE,"20 to 30%",TRUE
138,"México",-0.00687017859866266,1.59505666329548e-86,0.0795021470942484,-8.64150070125551,"MEX",TRUE,"-10 to -2%",TRUE
142,"Mongolia",-0.00284162609960697,2.64712466137794e-55,0.00926231781882908,-30.6794277111752,"MNG",TRUE,"< -30%",TRUE
145,"Morocco",0.00236389379469698,0.0851914490372926,0.0546448373155596,4.3259233823794,"MAR",FALSE,"2 to 10%",TRUE
146,"Mozambique",-0.00839317404876773,4.51980395787924e-132,0.0395068355170427,-21.2448654490361,"MOZ",TRUE,"-30 to -20%",TRUE
147,"Myanmar",-0.00738341550740338,2.62177127513823e-109,0.0306766973128792,-24.0684824448281,"MMR",TRUE,"-30 to -20%",TRUE
148,"Namibia",-0.00760022005851762,0,0.0207218496125845,-36.677324662669,"NAM",TRUE,"< -30%",TRUE
150,"Nepal",-0.0119519115728119,3.16601856948975e-15,0.143724292737431,-8.31586041939814,"NPL",TRUE,"-10 to -2%",TRUE
155,"Niger",0.00909257730616767,9.7648393938953e-276,0.0257803448602792,35.2694168966567,"NER",TRUE,"> 30%",TRUE
159,"North Korea",-0.0725108726846213,0.0851492183174361,0.0840933558625089,-86.2266369808992,"PRK",FALSE,"< -30%",TRUE
160,"North Macedonia",-0.0333965781857326,4.8898598644952e-10,0.0954079814945513,-35.003966819736,"MKD",TRUE,"< -30%",TRUE
162,"Norway",-0.0238797534689316,1.08236371772995e-79,0.0437218416511802,-54.6174464914998,"NOR",TRUE,"< -30%",TRUE
164,"Pakistan",-0.00743816719663678,1.87264490330219e-11,0.0458257025165595,-16.2314308088325,"PAK",TRUE,"-20 to -10%",TRUE
167,"Panama",-0.00831369686537525,1.90092947055775e-05,0.077423270892173,-10.7379819653366,"PAN",TRUE,"-20 to -10%",TRUE
169,"Paraguay",-0.0471857981799608,1.68390280710592e-128,0.186375852892163,-25.3175491608682,"PRY",TRUE,"-30 to -20%",TRUE
170,"Peru",-0.0103160220677412,0,0.0191337872476598,-53.9152125724766,"PER",TRUE,"< -30%",TRUE
171,"Philippines",-0.0102792883043722,3.642645162108e-53,0.0512535263949653,-20.0557679195746,"PHL",TRUE,"-30 to -20%",TRUE
173,"Poland",-0.0771949044054864,0,0.248774139445277,-31.030116143751,"POL",TRUE,"< -30%",TRUE
174,"Portugal",-0.0033453955778879,0.0689803805648173,0.20259308211961,-1.6512881599347,"PRT",FALSE,"-2 to 0%",TRUE
177,"Republic of the Congo",0.00502633502457497,1.15998908304912e-107,0.0253168002159043,19.8537531667109,"COG",TRUE,"10 to 20%",TRUE
179,"Romania",-0.0417640985229993,0,0.136174491123419,-30.6695462406004,"ROU",TRUE,"< -30%",TRUE
180,"Russia",-0.00693994951873012,1.35823801133683e-278,0.0360779180086797,-19.2360033554611,"RUS",TRUE,"-20 to -10%",TRUE
181,"Rwanda",-0.15969724348117,2.99849749143023e-16,0.446947263983348,-35.7306681011743,"RWA",TRUE,"< -30%",TRUE
192,"Saudi Arabia",-0.0592411667871428,0,0.0920644639415866,-64.3474846328659,"SAU",TRUE,"< -30%",TRUE
193,"Senegal",-0.00850540898131459,8.46998623598148e-05,0.0711963489130178,-11.9464117348291,"SEN",TRUE,"-20 to -10%",TRUE
194,"Serbia",-0.0243767129668402,4.33148162032212e-06,0.140615042138701,-17.3357790148761,"SRB",TRUE,"-20 to -10%",TRUE
203,"South Africa",-0.00459281090198223,8.3168746077016e-15,0.0608399283550007,-7.54900774238785,"ZAF",TRUE,"-10 to -2%",TRUE
205,"South Korea",-0.0244449073028113,3.40198516761973e-24,0.221692017328846,-11.0265166952543,"KOR",TRUE,"-20 to -10%",TRUE
206,"South Sudan",-0.0313746047753083,0,0.119665840624686,-26.218513663987,"SSD",TRUE,"-30 to -20%",FALSE
207,"Spain",-0.0264931863799803,0,0.144211559881844,-18.3710559692211,"ESP",TRUE,"-20 to -10%",TRUE
209,"Sudan",0.00321619047620536,0.012769264525309,0.00188974310161666,170.191941616505,"SDN",TRUE,"> 30%",TRUE
212,"Swaziland",-0.0211991544810963,0.0640708908891589,0.13867513666872,-15.2869180376139,"SWZ",FALSE,"-20 to -10%",TRUE
213,"Sweden",-0.0345891898431381,2.11900686035277e-152,0.0867673977770817,-39.8642701398086,"SWE",TRUE,"< -30%",TRUE
214,"Switzerland",-0.035175720748103,1.58506911739599e-05,0.157616219999522,-22.3173228924089,"CHE",TRUE,"-30 to -20%",TRUE
216,"Taiwan",-0.0773623135715439,0.000847390450478043,0.242699108312548,-31.875812857094,"TWN",TRUE,"< -30%",TRUE
217,"Tajikistan",-0.0419393929262382,0.000195261965904753,0.091992559023332,-45.589983985119,"TJK",TRUE,"< -30%",TRUE
218,"Tanzania",-0.0554756657773049,0,0.104566794849941,-53.0528509140167,"TZA",TRUE,"< -30%",TRUE
221,"Togo",-0.0276100784146369,7.1784650785922e-08,0.10124276309887,-27.2711624708168,"TGO",TRUE,"-30 to -20%",TRUE
225,"Tunisia",-0.019753302399891,3.92096034480401e-44,0.0496462046050193,-39.7881420282708,"TUN",TRUE,"< -30%",TRUE
226,"Turkey",-0.0294509460645482,0.0828611924136451,0.132574544563821,-22.2146311431382,"TUR",FALSE,"-30 to -20%",TRUE
230,"Uganda",-0.0130906316091574,2.06103795079599e-11,0.149341663991731,-8.76555896007842,"UGA",TRUE,"-10 to -2%",TRUE
231,"Ukraine",-0.0727941455446938,1.02206234546765e-73,0.259320280623671,-28.0711348027321,"UKR",TRUE,"-30 to -20%",TRUE
232,"United Arab Emirates",-0.0438441338887141,6.59323259163324e-148,0.144841281846013,-30.2704680115485,"ARE",TRUE,"< -30%",TRUE
233,"United Kingdom",-0.0216846475669403,9.62472736740413e-32,0.149745166588215,-14.4810333855857,"GBR",TRUE,"-20 to -10%",TRUE
234,"United States",-0.0127936953094318,1.28303794417594e-201,0.0586951343789159,-21.7968583679187,"USA",TRUE,"-30 to -20%",TRUE
236,"Uruguay",-0.0238571833932689,6.98239136369016e-12,0.249382990528558,-9.56648380176389,"URY",TRUE,"-10 to -2%",TRUE
237,"Uzbekistan",-0.0131314496996177,1.10163239174381e-140,0.0300436230576563,-43.7079431945251,"UZB",TRUE,"< -30%",TRUE
240,"Venezuela",-0.0529639218806293,6.716989878469e-155,0.110177460858128,-48.0714671295877,"VEN",TRUE,"< -30%",TRUE
241,"Vietnam",-0.0334310052419267,1.1796905547148e-255,0.0917383464607306,-36.4416915408837,"VNM",TRUE,"< -30%",TRUE
245,"Yemen",0.0281452165697939,5.61595075227405e-06,0.10239175979154,27.4877750192936,"YEM",TRUE,"20 to 30%",TRUE
246,"Zambia",0.00234060775355416,0.00969057855910108,0.0331025386661657,7.07078021162922,"ZMB",TRUE,"2 to 10%",TRUE
247,"Zimbabwe",-0.0124378426667953,3.89260620148468e-142,0.0786065829969242,-15.822902093686,"ZWE",TRUE,"-20 to -10%",TRUE
