"file","rows","cols","bytes","md5"
"data/store/pathreat.analysis.byPA.est.Rds",NA,NA,2045490,"714ed762a67e48c93788ef4f50121624"
"results/pathreat.analysis.byPA.est.csv",22090,24,6594925,"65f7204eb1370a7e7e84bc750b0fe68f"
"results/pathreat.analysis.hotspots.csv",32,14,5789,"c6413f3bb88bc3b75392b65b3eb4a448"
"results/pathreat.analysis.hotspots.Rds",NA,NA,2681,"0c345b9305c75fa7cdb7559e2dc19739"
"results/pathreat.bybiome.est.csv",224,15,48670,"5f25f4fbcd25f3e8a16a2a17ae128262"
"results/pathreat.bybiome.est.Rds",NA,NA,12475,"c3c21a9af431cb1ab836ab4d34880529"
"results/pathreat.bycountry.est.csv",152,15,21600,"f595b081f7d8e2a8a5af8cd9a28b9cff"
"results/pathreat.bycountry.est.Rds",NA,NA,66963,"9332f49d2bc1fc5fa76e590be7c868cf"
"results/pathreat.byspecies.est.csv",7279,25,1569127,"688a2b09ce0793622f10cbcec2663b77"
"results/pathreat.byspecies.est.Rds",NA,NA,472717,"28e8fecf5553bc94e97ec3f90b16430b"
"results/pathreat.bytaxa.est.counts.csv",4,7,257,"d7988a3e0623a63836fe35fb6c93611d"
"results/pathreat.bytaxa.est.effects.csv",16,15,2540,"a6d99a34707041159880b4a12c90162b"
"results/pathreat.bytaxa.est.levels.csv",4,16,1244,"08c46f57ac6257c655b7950066287ec9"
"results/pathreat.bytaxa.est.Rds",NA,NA,2261,"83f3f3c4bcd873e649e2955056be7fb9"
"results/pathreat.covbalance.by_country.csv",145,12,27552,"d7f8eb54dd3b85cca01d2bbc6319c308"
"results/pathreat.covbalance.by_country.Rds",NA,NA,12133,"a3a309a314c05155fab421b50ec2fc45"
"results/pathreat.global-threat.est.baseline_check.csv",1,6,158,"95f4ed2bcc86599356769fbf6945c2e4"
"results/pathreat.global-threat.est.estimates.csv",5,17,1616,"bfdeb061aeb958b7aa9a7d31906720c9"
"results/pathreat.global-threat.est.Rds",NA,NA,1092,"c53e013a86d58babc392c77604c9a5a8"
"results/pathreat.global.est.csv",16,10,2667,"b519e330dd9637571030ba5e1f0e8c68"
"results/pathreat.global.est.Rds",NA,NA,1349,"f9cd6fd22c3d837ed99eef6ebd1c686d"
"results/pathreat.global.fe-adjusted-levels.est.Rds",NA,NA,235571,"dbc8750e45952c080bb307cd4f5ab574"
"results/pathreat.global.fe-adjusted-levels.est.summary.csv",16,37,9559,"de1554b55ca70d075a59f0ae0c89420f"
"results/pathreat.global.group_means.est.csv",16,7,1674,"800b58da9f0c671980fef5e93f6ea8d9"
"results/pathreat.global.group_means.est.Rds",NA,NA,906,"68dc0f249dd66752c728c9a3e114be34"
"results/pathreat.hotspots.est.csv",32,14,5805,"0b4785c13f38e56c27416ecdf7cf14bb"
"results/pathreat.hotspots.est.Rds",NA,NA,2780,"d6c2fac22ed4dc93de2a0c66690e975d"
"results/pathreat.PA-type.est.csv",112,10,16325,"94eb12879fee21f5b8cc72c0ceb0f158"
"results/pathreat.PA-type.est.Rds",NA,NA,6179,"0cd7ad5df13622e49b7ad0c0649e613a"
"results/pathreat.PA-type.group_means.est.csv",112,6,8067,"76b1f951c68cf4d142edb58e13339419"
"results/pathreat.PA-type.group_means.est.Rds",NA,NA,2498,"0c8d291e776364f309a2c5ae98886d23"
"results/pathreat.randomrob.est.csv",56,11,9211,"ed60f659a756d4f690d5852c00d2bfda"
"results/pathreat.randomrob.est.Rds",NA,NA,5096,"e8e1aa8eb6435b975d285b97443aa827"
"results/pathreat.robustness.est.csv",9,11,1876,"ff8aff5cfc0376af15c62300e24b9022"
"results/pathreat.robustness.est.Rds",NA,NA,847,"8b3025eea7c9757665b20c3d0ca7ce2d"
"results/pathreat.sensitivity.evalues.csv",16,6,779,"323f75ef3ca71c78ba3d3ca60df4f428"
"results/pathreat.sensitivity.evalues.Rds",NA,NA,680,"bf8ae98ad4fe35cc2cae65949535ebb5"
"results/pathreat.sensitivity.rosenbaum.csv",16,4,447,"edd52fd8cfa02bcf5f24c3800bdac3fd"
"results/pathreat.sensitivity.rosenbaum.Rds",NA,NA,369,"0640bf9eb626cb9ca2dff9c7984126e5"
"results/pathreat.sfa.aggregates.csv",1,15,761,"d9cae4a4569b989a59284501e75c3143"
"results/pathreat.sfa.aggregates.Rds",NA,NA,460,"0bf4a627529f618e43b1a3eb226785a4"
"results/pathreat.sfa.country.est.csv",107,12,18602,"2dada8d38640ec85d059ea3388b4577c"
"results/pathreat.sfa.country.est.Rds",NA,NA,8561,"9b2e589b5794106fad945429edc8b1f9"
"results/pathreat.sfa.est.csv",22090,28,8866934,"a3dc99acb00998f8d0284203ef2207d2"
"results/pathreat.sfa.est.Rds",NA,NA,3622862,"7821cc3ea79da938e4e65e7376b3559a"
"results/pathreat.threat_composite_weights.prevalence.csv",219,18,52207,"41786b7931749589eb7746a67016b64a"
"results/pathreat.threat_composite_weights.Rds",NA,NA,63997,"b2e3dfca48f3a701e23df5412989539b"
"results/pathreat.threat_composite_weights.thresholds.csv",14,4,350,"bcda81c9ecae287502022fcb1873102f"
"results/pathreat.threat_composite_weights.weights.csv",219,18,53013,"4997cbff5f6f7610cf8fb77d83edae43"
"results/pathreat.threat_composite_weights.within_category_weights.csv",219,18,38570,"3db3a74d3402c705db0a9fa3791ec4e3"
