"subsample","variable","control_mean","control_n","treated_mean","treated_n"
"Strict","built",584.668505827907,2180515,417.086246143632,2180515
"Strict","cropland",2.34382165411201,2160117,1.38792111723125,2160117
"Strict","planted",0.949370809912344,765349,0.412230237448149,765349
"Strict","pasture",421.837867606328,2165544,315.746176022051,2165544
"Strict","oil",6.89234501694907e-05,1450885,6.89234501689466e-05,1450885
"Strict","mining",0.0853717520134549,2156451,0.00830067550803909,2156451
"Strict","renewables",0.00670487642289204,2073118,0.00284595474060254,2073118
"Strict","roads",4.53658883338691,2180515,3.57351359656551,2180515
"Strict","powerlines",2.08161833327905,2180515,1.34958943185917,2180515
"Strict","fires",0.463929196448025,2106787,0.484766613803609,2106787
"Strict","swu",-3.74163697282475,112818,-4.49934407630322,112818
"Strict","dams",0.00415154428223158,2167868,0.00641182950261161,2167868
"Strict","light",1.5999798212779,2180515,1.28749400944072,2180515
"Strict","def0120_parea",0.10983525504098,770582,0.0334896740385333,770582
"Strict","any_threat",0.422260796188057,2180515,0.321543305136631,2180515
"Strict","threat_composite",0.0520347801734087,2180515,0.0346277660896117,2180515
"Multi-use","built",654.249522963814,2047559,432.176231308495,2047559
"Multi-use","cropland",1.9046336727514,1987840,0.834766379583245,1987840
"Multi-use","planted",2.41289056111551,843594,2.43007892424152,843594
"Multi-use","pasture",481.62006345306,2025782,376.841648984034,2025782
"Multi-use","oil",0.000872968847000758,1832826,0.00054560552937489,1832826
"Multi-use","mining",0.194309575388027,2037985,0.0659474922538868,2037985
"Multi-use","renewables",0.0157416370716113,2039178,0.0065222359204416,2039178
"Multi-use","roads",5.38968596264841,2047559,4.70228208318805,2047559
"Multi-use","powerlines",2.43914827365122,2047559,1.63917132545319,2047559
"Multi-use","fires",0.349278588178414,2012720,0.334919909378169,2012720
"Multi-use","swu",-18.8477516216026,27442,-16.6846075358942,27442
"Multi-use","dams",0.0054711222445151,2047112,0.00815783406078261,2047112
"Multi-use","light",1.8528438008466,2047559,1.5908122794083,2047559
"Multi-use","def0120_parea",0.105001057816723,708913,0.0434394076564884,708913
"Multi-use","any_threat",0.365856124292389,2047559,0.302495801097795,2047559
"Multi-use","threat_composite",0.0501267868409945,2047559,0.0338513753241787,2047559
"Not Reported","built",2223.6563674962,1483454,1153.75595266627,1483454
"Not Reported","cropland",6.01501765474051,1483454,3.74112510397625,1483454
"Not Reported","planted",1.94240127904866,1213395,2.30724537353262,1213395
"Not Reported","pasture",717.198870966271,1472864,594.008005778519,1472864
"Not Reported","oil",0.000149724357459352,667894,0.000598897429837386,667894
"Not Reported","mining",0.0952318813015207,1440694,0.044978322946715,1440694
"Not Reported","renewables",0.0459183715156512,1223911,0.0256554602416981,1223911
"Not Reported","roads",9.45469155091181,1483454,8.48681522990936,1483454
"Not Reported","powerlines",5.18452206808747,1483454,3.97754160224343,1483454
"Not Reported","fires",0.255524618474218,1418650,0.204490184329686,1418650
"Not Reported","swu",-12.3294905050102,31227,-17.8553495372591,31227
"Not Reported","dams",0.0243326846901401,1458943,0.0208370032276575,1458943
"Not Reported","light",2.90835442151299,1483454,2.55962571134463,1483454
"Not Reported","def0120_parea",0.0711741339738188,809502,0.0279563338942041,809502
"Not Reported","any_threat",0.557221187849438,1483454,0.482920939914551,1483454
"Not Reported","threat_composite",0.0767691639443826,1483454,0.0567769308233933,1483454
"Class 1","built",9636.40232840151,41230,6367.47278680863,41230
"Class 1","cropland",13.6972410278802,41211,9.16612069592988,41211
"Class 1","planted",7.83079193310349,20330,7.20118052139773,20330
"Class 1","pasture",903.941293741745,40614,817.990264627065,40614
"Class 1","oil",0.00465787880199415,21469,0,21469
"Class 1","mining",0.268216361198037,40266,0.206129240550328,40266
"Class 1","renewables",0.0949413311261457,41078,0.0657286138565726,41078
"Class 1","roads",26.6335192820802,41230,23.589619209309,41230
"Class 1","powerlines",16.1047780742175,41230,12.6800873150602,41230
"Class 1","fires",0.249869859448236,28815,0.26722193302098,28815
"Class 1","swu",-8.30159574468083,1880,-9.58351063829776,1880
"Class 1","dams",0.0558767795539598,41162,0.145765511879864,41162
"Class 1","light",8.01877273829815,41230,8.27766189667852,41230
"Class 1","def0120_parea",0.103276679440058,25574,0.0663551654023731,25574
"Class 1","any_threat",0.879214164443367,41230,0.833034198399224,41230
"Class 1","threat_composite",0.160747055853461,41230,0.133590394898796,41230
"Class 2","built",3624.40129534854,617595,2216.58132433062,617595
"Class 2","cropland",10.4714443476531,617566,6.37795474491423,617566
"Class 2","planted",7.80655336214135,317669,7.28273769238737,317669
"Class 2","pasture",939.801422636183,610768,788.284982934735,610768
"Class 2","oil",0.00506148117921947,316113,0.0037961108843813,316113
"Class 2","mining",0.203684492226036,605348,0.0526969610868067,605348
"Class 2","renewables",0.0792818941655976,595344,0.0359456045580368,595344
"Class 2","roads",17.4178871266907,617595,15.1474671912683,617595
"Class 2","powerlines",9.70231300447652,617595,7.3761931362826,617595
"Class 2","fires",0.290297348214357,544614,0.30388495338127,544614
"Class 2","swu",-8.86979522184326,17580,-8.87337883958998,17580
"Class 2","dams",0.03170664685139,615013,0.0518688222850537,615013
"Class 2","light",4.8288166193086,617595,4.55081566398575,617595
"Class 2","def0120_parea",0.0883080033573844,290703,0.0544810345954265,290703
"Class 2","any_threat",0.754316339996276,617595,0.703072401816725,617595
"Class 2","threat_composite",0.113413744385781,617595,0.0883559502390399,617595
"Class 3","built",1609.68017978647,760915,1163.42680193693,760915
"Class 3","cropland",6.83694422211974,760893,3.85668024282771,760893
"Class 3","planted",3.28412647918196,411799,3.32443740758073,411799
"Class 3","pasture",812.92302397621,754579,621.341743399916,754579
"Class 3","oil",0.000229487279518436,435754,0.000229487279518493,435754
"Class 3","mining",0.136751633050301,746609,0.049289521021142,746609
"Class 3","renewables",0.053425279319547,709402,0.030025288905239,709402
"Class 3","roads",10.7349703974844,760915,9.35860115781161,760915
"Class 3","powerlines",5.44883462672239,760915,4.35607130887756,760915
"Class 3","fires",0.559847198641194,706800,0.740803621957478,706800
"Class 3","swu",-3.62935913123394,26152,-9.94153410828886,26152
"Class 3","dams",0.0393339625007869,757615,0.0220428581799395,757615
"Class 3","light",3.01576391581066,760915,2.50645998567622,760915
"Class 3","def0120_parea",0.0978982934660184,324869,0.0639786941813825,324869
"Class 3","any_threat",0.622733156791494,760915,0.554319470637325,760915
"Class 3","threat_composite",0.0859861386381825,760915,0.065570950871892,760915
"Class 4","built",478.270151975037,4291788,230.478224922302,4291788
"Class 4","cropland",1.31503100499633,4211741,0.701887176817304,4211741
"Class 4","planted",0.544018450794015,2072540,0.64471614542142,2072540
"Class 4","pasture",404.246499405059,4258229,314.337660873602,4258229
"Class 4","oil",0,3178269,6.29273356018981e-05,3178269
"Class 4","mining",0.113389239972734,4242907,0.0330198140095802,4242907
"Class 4","renewables",0.0033079531461457,3990383,0.00130313305760824,3990383
"Class 4","roads",3.47866670021259,4291788,2.92684540800058,4291788
"Class 4","powerlines",1.49636934537477,4291788,0.886972981888912,4291788
"Class 4","fires",0.34803312785244,4257928,0.302658945854027,4257928
"Class 4","swu",-8.40440119164547,125875,-8.65170208540832,125875
"Class 4","dams",0.000962411267445609,4260133,0.00150230051500331,4260133
"Class 4","light",1.39554656475287,4291788,1.11904805176658,4291788
"Class 4","def0120_parea",0.0950162176067792,1647851,0.0248278196268964,1647851
"Class 4","any_threat",0.354283808985905,4291788,0.267149495734645,4291788
"Class 4","threat_composite",0.0437776027843516,4291788,0.0277448400452096,4291788
