"seed","match_variant","coef","se","t_stat","pval","ci_low","ci_high","n_obs","control_mean","n_pairs"
1001,"M0",-0.0245409117448521,0.00572331261474958,-4.28788594940761,3.26232311006439e-05,-0.0358521557608943,-0.0132296677288098,154138,0.0766332391512584,77069
1001,"M1",-0.022819140615574,0.0046802275358201,-4.87564769894792,2.79895979330887e-06,-0.0320688879685023,-0.0135693932626456,154138,0.0749114680219799,77069
1001,"M2",-0.0248401789178102,0.00583797435766243,-4.25493114494536,3.72011002601979e-05,-0.0363780341712065,-0.013302323664414,154138,0.076932506324216,77069
1001,"M3",-0.0255147770686402,0.00588529940695061,-4.33534053314381,2.69695609894285e-05,-0.0371461629775506,-0.0138833911597299,308194,0.0775863217037963,154097
1001,"M4",-0.0267737440985321,0.00596382903409678,-4.48935473258196,1.43995587920155e-05,-0.0385603316948096,-0.0149871565022545,769922,0.0786790180596645,384961
1001,"M5",-0.0320855685268877,0.00860223066197799,-3.72991259914785,0.000273507935585232,-0.0490865497155015,-0.0150845873382738,148184,0.0831850023496445,74092
1001,"M6",-0.0208980596398258,0.00365768439149103,-5.71346715655443,6.00485285291886e-08,-0.0281269082928247,-0.0136692109868269,154138,0.0729903870462316,77069
1001,"M7",-0.0200396760832973,0.00372601743172829,-5.37830980409611,3.15904381995191e-07,-0.0274076192504011,-0.0126717329161934,138316,0.0703876837117249,69158
1001,"M8",-0.0214987018114362,0.00387673811251956,-5.54556464415488,1.6653015581952e-07,-0.0291712476758457,-0.0138261559470267,59370,0.079516497170153,6891
1002,"M0",-0.0250094220022703,0.00490934316324874,-5.09425012076776,1.06560488646611e-06,-0.0347119810298667,-0.0153068629746738,154138,0.0768800936411946,77069
1002,"M1",-0.022506682203876,0.00447767329242383,-5.02642348693841,1.44206629103122e-06,-0.0313561123580486,-0.0136572520497034,154138,0.0743773538428003,77069
1002,"M2",-0.0253356582726531,0.00521412702911015,-4.85904124145914,3.00864293433354e-06,-0.035640575569135,-0.0150307409761711,154138,0.0772063299115775,77069
1002,"M3",-0.025159301973736,0.00508579410088457,-4.94697612106634,2.04856667643404e-06,-0.0352105890451781,-0.015108014902294,308194,0.0770091318663075,154097
1002,"M4",-0.0263996610386017,0.00544625644058691,-4.84730407511931,3.16594370637599e-06,-0.0371633462887592,-0.0156359757884442,769922,0.0780948804349322,384961
1002,"M5",-0.0321866575863033,0.0083940146806299,-3.83447716151576,0.00018658501325778,-0.0487761320249629,-0.0155971831476438,148184,0.0830833400479204,74092
1002,"M6",-0.0215839028633268,0.0030751901717481,-7.01872133360045,7.80472694269066e-11,-0.0276615415963107,-0.0155062641303429,154138,0.0734545745022513,77069
1002,"M7",-0.0196887373670115,0.00318247991274762,-6.18660224315855,6.65802789197489e-09,-0.0259818724790224,-0.0133956022550005,138010,0.0696373514938439,69005
1002,"M8",-0.0208778108268476,0.00380210959764135,-5.49111231296415,2.24096763796325e-07,-0.0284050896293318,-0.0133505320243634,58725,0.0790947472775742,6641
1003,"M0",-0.0248447385793912,0.00548956769438907,-4.52580967437295,1.23850875999977e-05,-0.0356940218377956,-0.0139954553209869,154138,0.0766576950414379,77069
1003,"M1",-0.0217196608155491,0.00463590333080776,-4.68509786889036,6.34983073077834e-06,-0.030881808218508,-0.0125575134125903,154138,0.0735326172775959,77069
1003,"M2",-0.0249319283126567,0.00572702603883668,-4.35338134375256,2.5077700627919e-05,-0.0362505113382572,-0.0136133452870563,154138,0.0767448847747032,77069
1003,"M3",-0.0253355272000429,0.00564130005964405,-4.49107952638163,1.42975167889187e-05,-0.0364846860591801,-0.0141863683409056,308194,0.0771276265596794,154097
1003,"M4",-0.0263011078169503,0.00597933694217226,-4.39866628546195,2.08740420582528e-05,-0.0381183443999647,-0.0144838712339359,769922,0.0779311472989748,384961
1003,"M5",-0.0323884991846753,0.00872856293075286,-3.71063363369504,0.000293246713372708,-0.0496391566037173,-0.0151378417656333,148184,0.083094894897897,74092
1003,"M6",-0.0215255721338944,0.00376560553321314,-5.71636405991972,5.92186522650266e-08,-0.0289677102663746,-0.0140834340014142,154138,0.073338528595941,77069
1003,"M7",-0.0199056129388364,0.00391765824933404,-5.08099779816682,1.19718827131956e-06,-0.0276520124716984,-0.0121592134059744,138508,0.0700055919589712,69254
1003,"M8",-0.0237401047068002,0.00452640053711714,-5.24480865361514,6.74657832882713e-07,-0.0327013084647695,-0.0147789009488308,58979,0.0784823231390367,6681
1004,"M0",-0.0237178310582624,0.00576416129816935,-4.11470634345277,6.45343296819035e-05,-0.0351098061922772,-0.0123258559242476,154138,0.0755619820277241,77069
1004,"M1",-0.0220139890207358,0.00468117007096707,-4.70266806952134,5.89317932931098e-06,-0.0312655991489061,-0.0127623788925654,154138,0.0738581399901976,77069
1004,"M2",-0.0243116304285214,0.005931319609699,-4.09885692026552,6.86244388536193e-05,-0.036033968165157,-0.0125892926918857,154138,0.0761557813979833,77069
1004,"M3",-0.0246735229198868,0.00584168007083196,-4.22370321905918,4.21031916738799e-05,-0.0362187019434028,-0.0131283438963708,308194,0.0764968250867424,154097
1004,"M4",-0.0264597976219975,0.00607728031138566,-4.35388796735697,2.50264592074268e-05,-0.038470604157153,-0.0144489910868419,769922,0.0781256892837501,384961
1004,"M5",-0.0317528758710636,0.00869081083584967,-3.65361488942812,0.000359813406971551,-0.0489289221013919,-0.0145768296407354,148184,0.082533055093528,74092
1004,"M6",-0.0205133658691217,0.00416967177072584,-4.9196596272015,2.30946087530235e-06,-0.0287540785542782,-0.0122726531839653,154138,0.0723575168385834,77069
1004,"M7",-0.0192693838793006,0.00409677325236971,-4.70355147631236,6.1335149555318e-06,-0.0273699481420953,-0.0111688196165058,138214,0.0691225905911713,69107
1004,"M8",-0.0227431763671131,0.00461464191018689,-4.92848130142173,2.73282657149381e-06,-0.0318814236821883,-0.013604929052038,57261,0.0807439052519569,6734
1005,"M0",-0.0251756512433136,0.00597558774824726,-4.21308368380968,4.39070320639833e-05,-0.036985478123206,-0.0133658243634211,154138,0.0766664005945726,77069
1005,"M1",-0.0217390715808669,0.00492371387991084,-4.41517767097802,1.95170340300617e-05,-0.0314700321118919,-0.0120081110498419,154138,0.0732298209321258,77069
1005,"M2",-0.0254596659546438,0.00633560453196025,-4.01850617825202,9.346796481407e-05,-0.0379810104406082,-0.0129383214686793,154138,0.076950415305903,77069
1005,"M3",-0.0259794623119915,0.00617923923545568,-4.20431404612475,4.54522530475727e-05,-0.0381917749236799,-0.0137671497003031,308194,0.0774492688324262,154097
1005,"M4",-0.0274264423778509,0.00640750515754722,-4.28036212277505,3.36181520829193e-05,-0.0400898873527568,-0.0147629974029451,769922,0.0787313522318312,384961
1005,"M5",-0.0326090657095668,0.00889434865531956,-3.66626798355424,0.000343912038086098,-0.0501873730249499,-0.0150307583941837,148184,0.0829995749104283,74092
1005,"M6",-0.0210743731803194,0.00399112173867018,-5.28031329541485,4.58668038675644e-07,-0.0289622092854951,-0.0131865370751437,154138,0.0725651225315784,77069
1005,"M7",-0.0201598911196759,0.00412039631519356,-4.89270681204578,2.75012589309178e-06,-0.0283076914004192,-0.0120120908389326,137278,0.069403346524195,68639
1005,"M8",-0.0211232648557034,0.00379858207455489,-5.56082886748698,1.6752970529192e-07,-0.028644836752241,-0.0136016929591658,59553,0.0768644949218952,6789
1001,"MATCH-SUB-20",-0.017698718907434,0.00658161571248304,-2.68911460051758,0.00833444251481322,-0.0307488470683949,-0.00464859074647319,2284612,0.0577975559331891,1142306
1002,"MATCH-SUB-20",-0.0177615686077233,0.00652914759468653,-2.72035029843372,0.00763400255438791,-0.0307076621833299,-0.00481547503211665,2284612,0.0577492485643199,1142306
1003,"MATCH-SUB-20",-0.0176465143064887,0.00656578527714227,-2.68764718333423,0.00836873923611334,-0.0306652536384651,-0.00462777497451241,2284612,0.0578133407458445,1142306
1004,"MATCH-SUB-20",-0.0179624494404218,0.00656149235050025,-2.7375554951386,0.00726089240823506,-0.0309712462076189,-0.00495365267322477,2284612,0.0579717170270016,1142306
1005,"MATCH-SUB-20",-0.0177455862979088,0.0065897325000296,-2.69291451478935,0.00824622221924905,-0.0308118085491911,-0.00467936404662649,2284612,0.0578293413853609,1142306
1001,"MATCH-SUB-10",-0.017576862980006,0.00657864378885628,-2.67180646104899,0.00875914362604461,-0.0306225604866771,-0.00453116547333494,1142306,0.057706102180754,571153
1002,"MATCH-SUB-10",-0.0178683759516396,0.006503755718234,-2.74739346398629,0.00708188853898807,-0.0307655676039807,-0.00497118429929844,1142306,0.0577992398306732,571153
1003,"MATCH-SUB-10",-0.0175533924213114,0.00649725924466739,-2.70166107897238,0.00804637056868285,-0.0304362572894439,-0.00467052755317878,1142306,0.0577948903750989,571153
1004,"MATCH-SUB-10",-0.0179885759100466,0.00653823571540185,-2.75128898575371,0.00699340275737923,-0.0309526895502177,-0.00502446226987554,1142306,0.0580593070455932,571153
1005,"MATCH-SUB-10",-0.0177993872308363,0.00664040473918343,-2.68046721998832,0.00855018454086215,-0.0309675590196774,-0.00463121544199515,1142306,0.0578375634088657,571153
NA,"REF-PROD",-0.0176727976886744,0.0065929303371578,-2.68056793942906,0.00852445226412493,-0.0307439233221342,-0.0046016720552147,11423056,0.0577750289514615,5711528
