"country_id","country_name","n_pairs","elevation","pop_2000","annual_total_precipitation","slope","temperature","access","cropsuit2","forest2000_parea","avg_abs_smd"
68,"Equatorial Guinea",5,0.542572153281231,2.40024490349108,-1.31009463369216,1.16395807530258,-2.82040787043096,1.86197511832415,-0.0221195034583976,-0.114478391762931,1.27948133121794
140,"Moldova",3,-0.509205072339516,0.0656631701570464,0.757850695801869,-0.229222036694088,-0.771686768745294,0.133116012766723,-1.02572554693932,-0.0740430507344063,0.445814044272283
166,"Palestine",13,-0.775787981927303,-0.0129268229993165,0.046191963153509,-0.564948522487747,0.602437999877274,-0.0406380479078178,-1.11553695338486,0,0.394808536467228
200,"Slovenia",5723,0.613789533068678,-0.0596467343723351,0.439240557760039,0.370704925888253,-0.451545105897761,0.336206195816304,-0.6060214155062,0.200544901528626,0.384712421229774
151,"Netherlands",4188,0.640225863751527,0.127169929737337,-0.253397357545087,0.506100670600038,0.445658086335784,-0.0647696597307904,0.283306787309613,0.316512928653213,0.329642660457923
53,"Costa Rica",158,0.38533053609927,-0.262348886765544,-0.156453620425134,0.417367326098542,-0.398324746151122,0.111949975819303,0.147662146026239,0.495340441903962,0.29684720991114
22,"Belgium",3177,0.282967241254286,-0.0875406113811455,0.305644711755414,0.289685114362926,-0.309268024214341,0.434045009170203,-0.182883913457235,0.417287607968503,0.288665279195507
61,"Denmark",345,0.234513507641055,0.14508191725152,0.050099429020834,0.335719285452224,-0.394496788201439,-0.122477159603675,-0.416895708859929,0.355155270807132,0.256804883354726
163,"Oman",1072,0.33950497052604,-0.0605974707794142,0.369454758429,0.302645090485032,-0.34541884888321,0.258383833565845,0.373315419069521,0,0.256165048967258
84,"Ghana",307,0.368063267303599,-0.0279556507419867,-0.309176535594179,-0.00625996139309373,-0.114827686182183,0.939386213747392,0.270386496529462,-0.000889587521716968,0.254618174876702
77,"French Guiana",39048,0.405290683051247,-0.0110677114319858,-0.517218459633333,0.0262580341379468,-0.0913615176466368,0.506863653482176,-0.231966184267876,-0.190303955527233,0.247541274897304
40,"Cambodia",45637,0.340062761197658,-0.0501317177933326,0.183793687011099,0.170606007889292,-0.378593041199264,0.317115574445749,0.139649712060258,0.310421368338072,0.23629673374184
196,"Sierra Leone",732,0.00915945982065328,-0.0778419245982464,0.316590093739103,0.212038316608903,-0.141206772201397,0.699826735436275,-0.128819401090258,0.177779679022864,0.220407797814713
26,"Bhutan",4856,0.262273229734608,-0.142855989266171,-0.207332741577985,-0.0269855509671884,-0.284250156624559,0.584541920164965,-0.0658556853170057,-0.00383997957754768,0.197241906653754
143,"Montenegro",474,0.0919628511944543,0.175080290799961,0.042205442521275,0.141268541464516,-0.0684309130888378,0.364303837899795,-0.237151052074856,0.194285589858986,0.164336064862835
37,"Burkina Faso",8225,-0.321212662830127,-0.0636252442088657,0.187300283981343,-0.0128249766263232,0.0935429841655313,0.329871907349461,-0.264991126971082,0,0.159171148266592
199,"Slovakia",9679,0.208202637655478,-0.0117713504061545,0.229992278929375,0.161817107836478,-0.178428429300761,0.172373158611534,-0.235670494225308,0.0335796645275548,0.15397939018658
1,"Afghanistan",22480,0.166238283376049,-0.0458762932051025,-0.488028760585475,-0.129323586403088,-0.1700733200052,0.172803307528406,-0.0331357829317508,0.00411488743058339,0.151199277683207
156,"Nigeria",10581,0.0234857812379167,-0.0140292627146761,-0.419408450698905,-0.121851440726125,0.188107130081533,0.0739340637968848,0.342499508802812,0.000125791291124691,0.147930178668747
59,"Czechia",4447,0.186728793668759,-0.0180502988954641,0.192098629262775,0.118231921412427,-0.163322066725017,0.118352067903709,-0.171648515186924,0.150058865622568,0.139811394834705
153,"New Zealand",10184,0.150063516642733,-0.002791739885227,0.231347922720926,0.125105652896959,-0.186293265414322,0.146480229651517,-0.109135867776454,0.130350340559837,0.135196066943497
121,"Lesotho",6218,0.202797568365696,-0.0555262303774992,0.262762380281829,-0.0149967790672753,-0.235768975019161,0.00795656908295954,-0.289952371958588,0,0.133720109269126
82,"Georgia",834,0.231897604864058,0.0134123751880497,-0.279918730277897,0.159684762407385,-0.278076484065039,0.0241157481101244,-0.0396702560624572,0.0304445236915899,0.132152560583325
12,"Armenia",70,0.243624009922481,-0.0414425283104278,0.090012826752703,0.0168316824326218,-0.252108324054517,0.109001622602836,-0.234877364123229,0.0209603500737015,0.126107338534065
107,"Israel",1753,-0.12336181447447,0.0202279713485269,-0.0406849677751765,0.301856817868763,0.175858969126452,0.126831389130245,-0.206403927020765,0.0121849753171852,0.125926354007698
154,"Nicaragua",165,-0.114636189576564,0.153819603558849,0.280156796193258,0.0370855548897029,0.0778329684181639,-0.0540896940906054,-0.195505277080228,0.0918947363364001,0.125627602517971
30,"Botswana",88,0.110050371263539,-0.0315799794281098,0.250190965147388,0.160877602859544,-0.217861085559634,0.180664483897569,-0.0179363541258155,0,0.1211451052852
116,"Kuwait",1973,0.0994317481588159,0.00254958531041105,0.184265784988121,0.187655039298102,2.75228582217639e-05,0.169041385371698,0.305723194438114,0,0.118586782552936
38,"Burundi",2,0.203205891970496,0,0.099212182923589,-0.0555557316334635,-0.220233916080621,0.154899194672609,0.201403462199559,0,0.116813797435042
210,"Suriname",115,-0.134374149283956,-0.00134111055343986,0.0502885280563699,-0.0420282337015483,0.138598231295287,-0.193232144604958,-0.0972806701172106,-0.233782807012709,0.111365734328185
86,"Greece",25587,0.191729639200244,0.00175124168777055,0.0799950728682291,0.140735697327779,-0.167032601869612,0.0634996696445383,-0.150666877260159,0.0563557651444245,0.106470820625344
99,"Hungary",11865,0.117735359892769,0.0389215353217474,0.136900830996409,0.123432486573905,-0.1291487489893,0.0749004555629313,-0.0951439224486498,0.125142894846502,0.105165779329027
219,"Thailand",8265,0.114722880151243,-0.0430198088358016,0.0979544396333095,0.108238189075574,-0.107760938287155,0.128235305130017,0.153716652419949,0.0738566380841695,0.103438106452152
3,"Albania",1227,0.119804406431802,0.00183406111200562,-0.049932710536267,0.0572637601122427,-0.131137164615085,0.230291798855486,-0.127120314204215,-0.102601916269701,0.1024982665171
83,"Germany",53941,0.0832166627289989,0.0928317065802851,0.173677517022163,0.145638101323869,-0.0562380922965417,0.030038520597929,-0.092404465955986,0.140267326395927,0.101789049112712
208,"Sri Lanka",6309,0.0415464547186224,-0.111615523434758,-0.0627800663388658,0.0471261800815004,-0.0590731266133447,0.204050524549121,0.019973702452305,0.265759752568004,0.101490666344565
176,"Qatar",108,0.101876600347155,-0.00875712976168724,-0.156257254730658,-0.0128150209590316,0.107083830526307,-0.0251992126811706,-0.395847010729111,0,0.10097950746689
66,"Egypt",63017,0.179863484738544,-0.000679927413082461,-0.011640592837897,0.0256587642013983,-0.112535153591891,0.162315420569338,0.31074089558642,0,0.100429279867321
67,"El Salvador",926,-0.0432021261707073,-0.0871762692632839,-0.359031941209379,-0.0902348703997263,0.0376102075654687,0.00766218883441033,-0.14405644499596,-0.00422413160959033,0.0966497725060658
29,"Bosnia and Herzegovina",773,0.0894395275485911,0.0621870972028353,0.166200995233998,0.151805972765171,-0.0590843534713597,0.0602557003626313,-0.104702671854893,0.0623728503373637,0.0945061460971055
16,"Azerbaijan",590,0.102308571996908,-0.0363727272225167,0.0316669347243522,0.144280276827015,-0.130563160261986,0.0694853193464427,-0.131518617191629,0.0759467970610445,0.0902678005789869
110,"Japan",28496,0.163829089477337,0.0433458360170507,0.0971711507706349,0.132966605713395,-0.0767545454127953,0.0931383780895991,-0.0800487274336708,0.022654303736475,0.0887385795813698
19,"Bangladesh",361,0.0573729045714406,0.21933636903851,0.210409836452343,0.0702444488241725,-0.0455210465466081,0.02029765199656,-0.0531844119422657,-0.0245887677676555,0.0876194296424444
24,"Benin",39,-0.197606705035979,-0.0019104767712053,-0.210533040875733,-0.0298518447307172,0.087904413999237,-0.0612753671450674,-0.0844168407191624,0,0.0841873361596377
91,"Guatemala",2422,0.0634936742628781,-0.00437016855443668,-0.15214247692755,0.0545756852188177,-0.102714207031415,0.124170887579609,0.0092617194227302,0.141183587226513,0.0814890507779937
131,"Mali",53085,-0.0310443035796384,0.0616904910779874,0.109633810993535,-0.0335938978105266,-0.320850794312983,-0.0449098419436546,-0.0100865164096418,0,0.0764762070159959
159,"North Korea",9,-0.149352351044502,-0.074457904747181,0.0246371976979705,-0.0341436939506242,0.124456849047481,-0.0289047969539905,0.0912155460100985,0.0304195785146091,0.0696984897458071
105,"Ireland",2828,0.0766224879134051,-0.0225599976212055,0.11120297103191,0.071621599761536,-0.0460971517640242,0.125122742234594,-0.0506430372588723,0.0481262628305849,0.0689995313020165
100,"Iceland",755,0.125114487535528,0.0114410181272299,-0.0381131282407071,0.126014466582621,-0.146957932261699,0.100985776579031,0,0,0.068578351165852
181,"Rwanda",107,-0.0489881812263082,-0.0697683970780063,0.0806115471766448,-0.0501905898217325,0.0183586330196198,0.077371701591835,-0.142746676953488,0.0571376999842702,0.0681466783564881
205,"South Korea",8984,0.111163580409797,0.0123196422176085,0.0407567391230138,0.108329748663115,-0.0990572707768315,0.0426498955939838,-0.0634890648341957,0.0665422543219523,0.0680385244925622
55,"Croatia",12319,0.108947842881681,0.0120660346566317,0.0801172768885401,0.110430979668383,-0.0521515269916382,0.063082172600027,-0.0796995597397879,0.0268186215771463,0.0666642518754794
160,"North Macedonia",217,0.0353775074717186,0.22843387942079,0.0627670595886588,0.0329395418243232,-0.0572123655221467,0.0441858227376104,-0.0518484415913496,0.00840824667558409,0.0651466081040226
36,"Bulgaria",32516,0.061954104420191,0.00341751991224189,0.0902519221470676,0.0670276746873111,-0.0756365373209777,0.0759474225413525,-0.0658220440978463,0.0739668306783945,0.0642530069756728
148,"Namibia",205231,-0.175843672321482,-0.00326083537535577,-0.0655575390008231,-0.00122365251741327,0.0190247671372406,0.234446064676031,0.0105714236170336,-7.55814579715582e-05,0.0637504420129188
128,"Malawi",874,-0.0101583941876676,-0.0842677075454663,-0.129762378295318,-0.0344250689126692,-0.0313604363769781,0.0354445304370279,-0.180643160061689,0.000885664873211431,0.0633684175862535
209,"Sudan",152,0.0776888711611488,-0.00175830609729789,-0.00566045158049102,0.030158217395627,-0.122792492429176,0.15010447716392,0.116283201764197,0,0.0630557521989822
233,"United Kingdom",6948,0.0852331937544625,-0.0038137737765785,0.0889014730499086,0.0890183388127214,-0.0653810029338091,-0.0543211848399204,-0.0655048669832359,0.0486045427891941,0.0625972971174788
122,"Liberia",1081,-0.0266599443407158,0.0846807373171904,0.0186648135911296,0.0447530882541316,-0.0820354978203927,0.12699107556739,-0.0538217340660135,0.0509814395591308,0.0610735413145119
81,"Gambia",24,-0.0272619539712916,-0.0366380268766524,0.0857596567455456,-0.0848402876573745,-0.137339441980223,0.0705744912575665,0.027058628404705,0,0.0586840608616698
155,"Niger",157003,-0.0267642289379199,0.011927109194649,-0.0597939937971056,-0.0535570807026329,-0.0148673772836948,0.205439969167829,-0.0920160056600686,0,0.0580457205929875
70,"Estonia",2962,-0.0885438239707353,-0.00375864513811907,0.0222671431570752,-0.0718937348550734,0.059346397623792,0.171506394170473,-0.0403979169140817,-0.00472139281989042,0.057804431081155
145,"Morocco",4853,-0.0455249160020019,-0.00663029797171186,0.112067312548745,0.0337470945157448,0.0302291245429568,0.0583855119442646,0.0465794215603943,0.127137453698795,0.0575376415980768
177,"Republic of the Congo",94807,-0.113563715280781,-0.000327569415155761,0.0492047287998014,-0.0568318343305886,0.150652173925447,0.0497649632176651,-0.0155994131227504,-0.0216690350016919,0.0572016791367352
21,"Belarus",3775,-0.135806107186788,0.00947102369901467,-0.0390678875175937,-0.0697791689953892,0.0919236098983173,0.0189624589443994,0.0726014725852599,0.0119082129165921,0.0561899927179193
194,"Serbia",831,0.0568698114056417,-0.0131232019702655,0.0432541137592933,0.066332836718656,-0.0515776216863227,0.0959488592194281,-0.0727758110955471,0.0474233869546813,0.0559132053512295
147,"Myanmar",32613,0.0123756030421748,-0.00198107451339632,0.169597000662309,0.0288768641672809,-0.0231793783654409,0.0971905925931105,-0.0483648143118754,0.0579562997711183,0.0549402034283383
98,"Honduras",2524,0.0862234607135263,0.0348549737413788,0.0156901711035519,0.043424788378949,-0.111166511329805,0.0202219189787745,-0.0399636247864907,0.0866801471241192,0.0547781995195745
169,"Paraguay",6708,-0.0119361915597371,-0.0028744264421044,-0.0118623709158262,0.0103938708712812,0.133880412822925,0.126372834618264,-0.119090971769708,0.0087879999287315,0.0531498848660722
231,"Ukraine",2728,0.0400202863750073,0.0118254639815443,0.0529792022315924,0.0764120099538972,-0.0317315525500931,0.0563944875231562,-0.0845566720367701,0.0684384386654845,0.0527947641646931
212,"Swaziland",36,-0.0177743568906682,-0.0179968872781677,-0.00116303870700167,0.0736616295397852,0.0115767269879626,0.219614952431421,0.0132187521968555,-0.0534348619335052,0.0510551507456709
15,"Austria",6156,0.0617281969332573,0.0025156333956031,0.0723744112451756,0.0244258432476179,-0.077572866268497,0.12579635129955,-0.018212653905896,0.0238897071743381,0.0508144579337419
245,"Yemen",693,0.0135026871115027,0.112870536924811,0.0749748679809164,0.0417597186351716,-0.0460945028863758,-0.0860470693744549,-0.0254065473368432,0,0.0500819912812594
173,"Poland",29096,0.0230934996537871,-0.0246088047293728,0.0422370761509669,0.0557220532635304,-0.0370130588314263,0.0649591652506121,-0.0636040308619788,0.0836891672613754,0.0493658570003812
240,"Venezuela",1445,-0.0146310326565179,0.0777108185341037,0.0191393112768937,-0.0016229870804058,0.0469047613074222,0.0802234609508754,-0.0721938765797195,0.0756151424596133,0.0485051738556939
65,"Ecuador",19139,0.00708507115185669,-0.0247770144677579,0.0651503583237307,0.0173551503399797,-0.0118876686684073,0.176824637668954,-0.0473820129131635,0.0267966711443793,0.0471573230847786
221,"Togo",288,-0.041063643355908,0.0116435590680474,-0.114959220297324,0.0106887201743971,0.0322463815119071,0.112824503017498,-0.044745978740166,1.27288659523622e-16,0.0460215007706559
80,"Gabon",40475,-0.0407830248027158,0.00882685959879426,0.102859657436203,0.0146934397744684,0.0585149692882665,0.0135449205815425,-0.097855458098705,-0.025989011049131,0.0453834175787283
241,"Vietnam",16678,0.0527482469138695,0.00117223221705629,0.026559145194426,0.0530978839544066,-0.057905785648602,0.0912312155428171,-0.00464273244215807,0.068563928124075,0.0444901462546763
146,"Mozambique",50392,-0.0317964321474157,-0.0344471095438104,-0.0467399170969961,0.00926297973566813,-0.0420845153880436,0.128859869458411,0.0414484997505973,0.0206215723017216,0.044407611927833
218,"Tanzania",36119,-0.0170065990894909,-0.0435967896678845,0.0439340152771431,0.0408335281640537,0.0103061463135889,0.0914917504921089,-0.0535032339587468,0.0502047278713389,0.0438595988542945
32,"Brazil",1265521,0.0623761654230243,-0.001423944638357,0.0405922433147347,0.0265004825574893,-0.0314249871262997,0.137196038613667,0.0288388365614978,0.019919176003279,0.0435339842797937
193,"Senegal",1207,0.0546231642730888,-0.00170481856285394,0.00850339058481606,0.0233854156668092,0.109787525564468,0.0601369261868166,-0.0838489023835135,0,0.0427487679027958
125,"Lithuania",1901,0.0155096729538813,-0.00143949025201104,0.0207708823320026,-0.0213931978171509,-0.0882385618474968,0.0932023651091611,-0.0314450234052102,0.0647266988334971,0.0420907365688014
76,"France",63724,0.0626085088577551,-0.00809179502707754,0.0270160436809949,0.0486469915263975,-0.0523271835119685,0.0657823449935683,-0.0479682607556622,0.0225640685273112,0.0418756496100919
216,"Taiwan",103,0.0506918588966006,0.00054909968403588,-0.0867815733433017,-0.00505058355498114,-0.045916744693817,0.0367781300371599,-0.0430287129147436,0.0647816434510341,0.0416972933219592
179,"Romania",33355,0.0281843708809117,-0.00507566562048132,0.0545035745041036,0.0420667084765745,-0.048246242626067,0.0540549888334555,-0.0485083391263325,0.0523414565138227,0.0416226683227186
41,"Cameroon",23679,-0.0538074916664517,-0.0357984442967945,-0.0782474714590096,-0.0039128374188211,0.0145905500200692,0.0853815119016075,0.0414478934966269,0.0151489661810636,0.0410418958050555
129,"Malaysia",25592,0.0585161069637856,0.016700748663839,-0.0525095757198263,0.0418135622669233,-0.0727321165573562,-0.0241652295995648,-0.0234657559584778,0.037303515025548,0.0409008263444152
246,"Zambia",6462,0.0894921400909131,0.0349876476812192,0.0480971495521609,0.00386446137346252,-0.0922143484469015,0.0337921342211239,-0.0237175314254657,0,0.0407706765989059
54,"Côte d'Ivoire",1019,0.0027013093944593,0.121169891619705,0.0577757928895479,0.0593157411274042,-0.00826273780584291,0.0123403177798369,-0.0511934814877234,-0.0083455817469121,0.040138106731429
95,"Guyana",13354,0.0164190494309047,-0.00341673670308686,-0.0970601495549405,0.00523395719929006,0.039621165159301,0.0623488533836405,0.0751283769370212,-0.0217876676515266,0.0401269945024639
247,"Zimbabwe",39740,-0.0729258235100175,-0.0162858416423589,-0.0439769463554691,0.00085335087502832,0.129111725786977,0.0388590761815182,-0.0122856318384159,0.0016144895076883,0.0394891107121842
102,"Indonesia",3727,0.00163345424708504,0.000386051920659016,-0.098431385270768,-0.00402185817339847,0.00928464825187623,-0.0510567891219682,0.0327317322512747,-0.115225987335801,0.0390964883216038
207,"Spain",55322,0.0425737876864619,-0.00700721638614584,0.0245372827362562,0.0642819766455988,-0.0314401695343909,0.0597657674315953,-0.0237148557022122,0.0487326336727713,0.0377567112244291
236,"Uruguay",1160,0.0183829303311818,0.00292529575220881,0.056186425926574,0.0323753017737751,-0.0493253231600629,0.0140515716936921,-0.0804026001374719,0.0466876937979825,0.0375421428216186
112,"Jordan",3478,-0.065397154289862,-0.00859093691058684,-0.00957616677219783,0.0126942579164837,0.0936185926951753,0.00952577804715235,-0.0953933555634359,0,0.0368495302743617
167,"Panama",3256,-0.0393250921685166,-0.0208124880620794,0.0383475767388457,-0.0397453681934174,0.0492060603818779,-0.0256725460787191,0.0442490951722409,-0.0242878251736417,0.0352057564961673
108,"Italy",26991,0.053860090082887,-0.00494534192384,-0.00518905503724783,0.0518961092968939,-0.0329476460895662,0.062810599823739,-0.012761679141854,0.0539650684625822,0.0347969487323263
171,"Philippines",15585,0.0390682484310973,-0.00339787108410806,0.0494916512611353,0.0316406551175019,-0.0490399533180775,0.0328795854305013,-0.026152619306994,0.0356894470146357,0.0334200038705064
27,"Bolivia",23851,-0.0143753784062689,-0.00668208242459465,0.0179315097218222,0.00255973774331451,0.0157109200584152,0.113604057635021,-0.0151676721543018,0.0785975499686453,0.0330786135140479
150,"Nepal",6591,0.0231984858008648,-0.0160448096330832,0.0432191485954384,0.0559708979462092,-0.0354152577782286,0.0597316301616544,-0.00394493082583721,0.0135582750248896,0.0313854294707757
114,"Kenya",10839,-0.00507329572200848,-0.013491077383281,-0.0910839842455358,-0.00771126220987321,0.019956729911992,0.0851261480076989,0.0193442217944692,9.23089869318895e-05,0.0302348785327238
232,"United Arab Emirates",12993,-0.0397471106031832,0.000676110259366214,-0.0434737508445837,-0.0254307628458873,0.00123465107210168,0.0488156286155603,-0.0818956999928186,0,0.0301592142791876
14,"Australia",1038508,0.0088893383415234,-0.00119541939184037,0.0379385596900324,0.0335509850760107,-0.0111679361156788,0.0961493732749776,-0.0166697306788756,0.0349276195124237,0.0300611202601703
237,"Uzbekistan",17068,-0.0150871003761911,0.00156878721414306,-0.00885271907189381,0.0067315959311292,-0.0695708744907444,0.0551719526556804,-0.0731207662854412,0.000200466301047006,0.0287880327907838
217,"Tajikistan",66,-0.0274595953766917,0.0905662108955303,-0.0214000152500257,-0.0150217006142726,0.0296602952256687,0.00743954126064962,0.0351671690297673,0,0.0283393159565757
118,"Laos",15436,0.0287388365782865,-0.0250886397985659,0.0447840925022254,0.00455833615518834,-0.0344699891336857,0.0319725519486448,-0.00998413773174593,0.042056413809076,0.0277066247071773
119,"Latvia",1996,-0.0159890902191722,-0.0078933864824764,-0.0610030422986559,-0.0025385775526026,0.040288182468411,0.041777915841141,0.0389239704555143,0.00758196320502131,0.0269995160653743
104,"Iraq",6478,0.00596506417467614,-0.0141166997282405,0.00214279149793516,0.0116712799570363,-0.0326695111216676,0.105180225427046,-0.00231819421614056,0.034381982236521,0.0260557185449079
4,"Algeria",30134,-0.0480187015047166,0.00117059536146615,0.000708367909882446,-0.0400670671102464,0.0510972600332617,0.00728512764706854,-0.0342156104272092,0.00734918092307087,0.0237389888646152
60,"Democratic Republic of the Congo",110479,-0.0496846342771334,0.00227397456510543,0.00100811219473453,-0.00854606531799881,0.0503627177523445,0.0193075768538058,-0.0580164388510433,0.000291645356950081,0.0236863956461395
174,"Portugal",8471,0.0396457277635187,0.00322483295878833,-0.0274732226363091,0.0258408745426471,-0.0123342735601924,0.0215205667476587,0.0265416418006004,0.0278719733304997,0.0230566391675268
230,"Uganda",4703,0.0187768824427012,-0.0134039114598481,-0.0539186362002115,-0.000643765961439102,-0.0551900230866916,0.0337567707365038,0.00800890171378372,0.000115515986704013,0.0229768009484854
226,"Turkey",70,-0.0199453491654542,-0.00143183808522595,0.0103778344548541,-0.0450777492536693,-0.00356001414219576,-0.0824346031698682,-0.00698308581671524,0.013174540539037,0.0228731268283775
45,"Chad",8639,0.0233460391264024,-0.0151778163513575,0.0788049945084388,0.0109208886918313,-0.0431837143204611,-0.00247352989422292,-0.00487285622410313,0.00305700819752021,0.0227296059142922
127,"Madagascar",50328,-0.00690496553780573,0.0469013350008537,0.00191500072004182,0.00211086926612671,-0.0155412367466413,0.0238214877898386,-0.0481987169265473,0.0313281367976626,0.0220902185981897
214,"Switzerland",408,-0.0190760879853598,0.0361296919766233,-0.0151019208071794,-0.00458220845277045,0.0196306777526209,0.0402025211686995,0.0051479578971217,0.0221531982553354,0.0202530330369638
46,"Chile",26698,-0.0208322861636599,-0.00218490011138479,0.0906271431749409,-0.0131815321895392,0.0147412866859134,-4.803720994826e-05,0.00913528936338903,-0.00255980296692508,0.0191637847332126
62,"Djibouti",203,-0.000202609486739721,0.0932837699207554,-0.00500999296656564,0.00183442548737234,-0.0121767504749964,-0.0202422528532684,-0.00582756363973295,0,0.0173221706036789
192,"Saudi Arabia",145432,-0.0382998704221968,-0.0137300494493638,-0.0155181489240901,-0.00809941416091801,-0.00587134145366863,0.0445759793273156,0.0110139790839227,0,0.0171385978526845
93,"Guinea",34232,-0.0221242709615083,0.016847169622779,0.0405344999322173,-0.00261697960436611,0.00882360366191253,-0.0225709963534875,0.00544885329527821,-5.7589689894358e-05,0.0148779953901804
234,"United States",48267,0.00897538744962578,-0.00335118731548272,0.0244839837580437,0.0233133967456071,0.0127872991511309,-0.0338174505071886,-0.00432989547737288,0.00286264754419188,0.0142401559935804
120,"Lebanon",460,-0.00752254178633206,0.00911658432406797,-0.0131599240639174,0.0217973119545862,-0.00740602863351728,0.0409585027758854,0.00697390531427151,0.00469073910866915,0.0139531922451559
142,"Mongolia",68683,-0.00620563349921302,-0.00357534028943737,0.0203307278326526,0.0101727485946926,-0.00687741332212206,0.0498190370321858,0.00189220712869323,0.00974625630024136,0.0135774204999048
75,"Finland",8817,0.0446159633157371,-0.00311315857958752,-0.000401717451827857,0.0343322049609009,-0.00363117571541195,0.0162870274583546,-0.00066879929506108,-0.00152323385301881,0.0130716600787375
162,"Norway",6021,-0.0085737118067045,0.0154565201221213,0.00516532477537314,0.00887354144401619,-0.012799041929912,0.0443857689895381,-0.00123862059255006,0.00556966166867615,0.0127577739161114
206,"South Sudan",15286,-0.00373377282151428,-0.00831005210458085,-0.00848846123468901,0.000457995724812657,-0.0281584337146403,0.044527734314838,0.0078761102454805,9.14840294597245e-05,0.0127055055237519
225,"Tunisia",4115,0.013913624839203,0.00483327524392979,0.012923613749647,0.0118232745378247,-0.000535533717593693,0.0144823676759573,-0.019400907175923,0.0200746880848346,0.0122484106281142
123,"Libya",149,0.00561331122266155,-0.000153572797855355,0.0063749612721078,0.00769080767879139,-0.018357692643982,0.0113371529875623,0.0435648885501546,0,0.0116365483941394
7,"Angola",66096,-0.0249141621403965,0.00040833087220864,0.00778949443808604,0.0209902304263127,0.0213707380153073,0.000671806286524253,0.0122277758065846,0.00405462338030397,0.0115533951707155
47,"China",239,0.00201249338374792,-0.00456889621467873,0.0133319223468955,0.000750104225459311,0.0271925552805164,-0.0227754459245857,0.016341031767635,0.00341121903742261,0.0112979585226176
71,"Ethiopia",74038,-0.00374816216583538,0.00753031987716136,-0.0317949959819925,-0.0274789455001574,-0.00197089217968835,-0.000552407488368685,-0.0099279982665283,0.00187860104717402,0.0106102903133633
50,"Colombia",59640,0.00297943616193208,0.00753573120720369,-0.018004276568364,0.00427423926106224,-0.00418543899529018,0.0249322174983095,0.0105646961320226,0.00953888561656651,0.0102518651800939
170,"Peru",144537,0.00333668546404166,-0.000793442925482558,0.0194386291672738,-0.00187744173085291,-0.00326810539009272,0.0348892449632641,-0.01051330833753,0.00572013427531781,0.00997962403173194
113,"Kazakhstan",208210,-0.00172675457327483,0.0119392648178169,-0.00351286861420813,0.00545741170027562,-0.00952965203361546,0.0289433350095122,-0.00164590386546949,0.0133588232717561,0.00951425173574108
203,"South Africa",25794,-0.0109455988587974,-0.00360560339440807,0.00319524860601401,0.0191872579452474,-0.0025392018339599,0.027402143670813,0.000639366814382176,0.00449663301020733,0.00900138176672866
138,"México",124015,0.010298539638417,0.00105112131987343,0.000105644926459282,0.00523705215015523,-0.0140933579291734,0.0128407877278,0.00378202921790921,0.0116014324120114,0.00737624566522488
11,"Argentina",52589,-0.00401289529428685,0.011131079424919,0.00147813559363165,0.00932284175145355,0.00416193159098009,0.0178340592873808,2.15678201129939e-05,0.00808036691621975,0.00700535970987309
103,"Iran",18584,0.0082075482127028,-0.00717862466429379,0.00129419002225705,0.00858889225309292,0.00942978377267211,0.0159108763893116,0.00260747522603675,3.25197397590556e-05,0.00665623878501576
213,"Sweden",9809,0.000503515352874761,0.00466648172926559,0.00462669456972364,-0.00585306239275479,0.00326606819811304,-0.0137508635062927,0.0010254958977498,0.000394461814803521,0.00426083043269723
164,"Pakistan",2936,0.00127955566402653,0.000655935817149944,0.00184775474312592,0.00189111251334074,-0.00390280533829704,-0.00742165677719067,-0.0035209149478929,0.00751040360219117,0.00350376742540186
42,"Canada",404811,0.00560135847643678,-0.000792122226383333,0.00461134670782407,0.0116418377599307,0.000963503696813292,-0.000742506120507261,-0.00138094469871059,0.00194801203167958,0.00346020396478571
180,"Russia",361574,0.00197801926834957,0.0036326220490868,0.00103419038425133,0.00177022489635084,-0.00168554097836112,0.00546509882514322,-0.000580796351547721,0.00734295442999792,0.00293618089788607
69,"Eritrea",1,NA,NA,NA,NA,NA,NA,NA,0,0
