"subsample","variable","coef","se","pval","ci_low","ci_high","n_obs","n_countries","r2"
"Strict","built",-167.582259695531,48.2628780514866,0.0007816568938812,-263.409335438707,-71.7551839523552,4361030,95,0.054909389935303
"Strict","cropland",-0.95590053686906,0.448353966935759,0.0356121999740585,-1.84611784847389,-0.0656832252642257,4320234,95,0.180609725040701
"Strict","planted",-0.53714057247086,0.27821656182664,0.0580288909455449,-1.09311200756976,0.0188308626280435,1530698,64,0.120306490746237
"Strict","pasture",-106.091691590016,82.6055898944729,0.202187670101975,-270.107026754711,57.9236435746794,4331088,95,0.3245140369574
"Strict","oil",-2.93838341051193e-19,9.97665369467494e-05,0.999999999999998,-0.000207475871474996,0.000207475871474995,2901770,22,5.30081170935226e-06
"Strict","mining",-0.0770710765048684,0.0191129903289607,0.000124162189589239,-0.115099931962766,-0.0390422210469711,4312902,82,0.00550932022834072
"Strict","renewables",-0.00385892168221971,0.00158701847235574,0.0172687877939348,-0.00701718909290998,-0.000700654271529445,4146236,81,0.00224001910125027
"Strict","roads",-0.963075236813323,0.240253791114637,0.00012232823503686,-1.44010477106876,-0.48604570255789,4361030,95,0.101076440331723
"Strict","powerlines",-0.732028901429251,0.252540257488676,0.00466403007619594,-1.23345350268805,-0.230604300170457,4361030,95,0.0399247054882155
"Strict","fires",0.0208374173563822,0.10534958039843,0.843780226632209,-0.189275695499769,0.230950530212533,4213574,71,0.0419055274280711
"Strict","swu",-0.757707103476398,1.15409890065052,0.513989759429399,-3.06624862083669,1.55083441388389,225636,61,0.0545242723887455
"Strict","dams",0.00226028522031784,0.00169998192263309,0.186975578477083,-0.00111652003372517,0.00563709047436085,4335736,92,0.00099412811547761
"Strict","light",-0.312485811838028,0.120454767046327,0.0109977703938071,-0.551651575493091,-0.073320048182966,4361030,95,0.212314737862158
"Strict","def0120_parea",-0.0763455810024031,0.0301808053576607,0.0135774690757834,-0.136495839337262,-0.0161953226675442,1541164,74,0.10736976580456
"Strict","any_threat",-0.100717491051426,0.0437015953001083,0.0233866678489058,-0.187488032966758,-0.0139469491360935,4361030,95,0.246594838746501
"Strict","threat_composite",-0.0174070140837732,0.00803138694189915,0.0327331280067255,-0.0333535211276153,-0.00146050703993108,4361030,95,0.192172385394874
"Multi-use","built",-222.073291660948,101.01139099346,0.0311282839244677,-423.435819424249,-20.7107638976474,4095118,73,0.0816053747576536
"Multi-use","cropland",-1.06986729314231,0.310784005116871,0.000963837901213432,-1.68940388444405,-0.450330701840568,3975680,73,0.175457384438094
"Multi-use","planted",0.017188363122546,0.405936715353873,0.966384807206038,-0.797017578050975,0.831394304296067,1687188,54,0.403302991088723
"Multi-use","pasture",-104.778414470657,50.3262738292095,0.0408989829897126,-205.102007795035,-4.45482114627929,4051564,73,0.307150572842629
"Multi-use","oil",-0.000327363317630805,0.000371968558641925,0.390413320197115,-0.00110884026075832,0.000454113625496707,3665652,19,0.000975209780941233
"Multi-use","mining",-0.128362083136039,0.0837164056045825,0.130209603287433,-0.295655970529787,0.0389318042577086,4075970,64,0.00115241846759384
"Multi-use","renewables",-0.00921940115085581,0.00636021849134053,0.152146380289628,-0.0219292836213917,0.00349048131968006,4078356,64,0.00534372820354057
"Multi-use","roads",-0.687403879448653,0.228604068914864,0.00363204386841247,-1.14311776202109,-0.231689996876213,4095118,73,0.179380321525751
"Multi-use","powerlines",-0.799976948161203,0.35310092547537,0.0264858534005336,-1.50387077845094,-0.0960831178714635,4095118,73,0.0788725857421116
"Multi-use","fires",-0.0143586788028139,0.0494396145854484,0.772580636663084,-0.113437880500608,0.08472052289498,4025440,56,0.036580974063811
"Multi-use","swu",2.16314408570803,3.55076179467497,0.545451742440498,-4.98845727805546,9.31474544947153,54884,46,0.060563780004555
"Multi-use","dams",0.00268671181645164,0.00275176181629602,0.332247988479904,-0.00280150407272403,0.00817492770562731,4094224,71,0.00102529511458693
"Multi-use","light",-0.262031521436013,0.354018596124412,0.461607784567171,-0.967754694730812,0.443691651858786,4095118,73,0.181953403949958
"Multi-use","def0120_parea",-0.061561650160191,0.0144530211201853,8.07397665921086e-05,-0.0905261517388662,-0.0325971485815159,1417826,56,0.0724698897913427
"Multi-use","any_threat",-0.063360323194594,0.0481721650496525,0.192586157382407,-0.159389779148299,0.0326691327591106,4095118,73,0.284881154775853
"Multi-use","threat_composite",-0.0162754115168217,0.00762813573203358,0.0362830329977679,-0.0314818221801823,-0.00106900085346119,4095118,73,0.261300367793607
"Not Reported","built",-1069.90041484266,505.07922694633,0.0367610572009124,-2072.60945698764,-67.1913726976757,2966908,96,0.0393210409664675
"Not Reported","cropland",-2.27389255076329,0.89188656241539,0.0123873896243422,-4.04451124381151,-0.503273857715063,2966908,96,0.336996567398829
"Not Reported","planted",0.364844094462233,0.295066670584274,0.220729408557973,-0.224444738864636,0.954132927789102,2426790,66,0.263119070754638
"Not Reported","pasture",-123.190865187974,76.2092589264468,0.109306316048549,-274.485372948113,28.103642572165,2945728,96,0.39672495528589
"Not Reported","oil",0.000449173072373771,0.000445447464819139,0.324242516155978,-0.000474628428080769,0.00137297457282831,1335788,23,0.000124902505843627
"Not Reported","mining",-0.0502535583545154,0.0283897806468555,0.0805156766076667,-0.10675102235726,0.00624390564822918,2881388,81,0.00430332452436843
"Not Reported","renewables",-0.0202629112737774,0.0158709846646883,0.205346839776317,-0.0518411924009019,0.0113153698533471,2447822,82,0.00386432349186983
"Not Reported","roads",-0.967876321072318,0.498437441243017,0.0551212784721429,-1.95739975148473,0.0216471093400933,2966908,96,0.189311597914046
"Not Reported","powerlines",-1.20698046585873,0.335548910103751,0.000513172006275135,-1.87312927636738,-0.540831655350087,2966908,96,0.111943081906759
"Not Reported","fires",-0.0510344341451379,0.0829173892788181,0.54012264401578,-0.216250938790032,0.114182070499756,2837300,75,0.0162184429715072
"Not Reported","swu",-5.52585903224773,3.44899663282791,0.114285587656138,-12.4225540438185,1.37083597932308,62454,62,0.212771169283214
"Not Reported","dams",-0.0034956814625384,0.0112733407134095,0.757206175155081,-0.0258887879096324,0.0188974249845556,2917886,92,0.00125809745356842
"Not Reported","light",-0.348728710158858,0.177494969463583,0.0523676827235259,-0.701100776403614,0.00364335608589794,2966908,96,0.299174967762056
"Not Reported","def0120_parea",-0.0432178000795587,0.019858847320376,0.0327727960752169,-0.0827964257125536,-0.00363917444656384,1619004,74,0.0599099996473496
"Not Reported","any_threat",-0.0743002479348871,0.0370614130513575,0.0478318370365342,-0.147876455386426,-0.000724040483347857,2966908,96,0.403225919096791
"Not Reported","threat_composite",-0.0199922331209865,0.00614910352247103,0.00159057409657028,-0.0321997470596313,-0.00778471918234171,2966908,96,0.360238896718303
"Class 1","built",-3268.92954159593,645.839893890377,2.6528473922314e-06,-4554.44169416503,-1983.41738902682,82460,80,0.11161868889308
"Class 1","cropland",-4.5311203319502,0.942094142355057,7.10865851751789e-06,-6.4063118156574,-2.65592884824301,82422,80,0.268695766574976
"Class 1","planted",-0.629611411706838,1.22252338591499,0.608771302940864,-3.08392952010134,1.82470669668767,40660,52,0.192776251757335
"Class 1","pasture",-85.9510291147199,28.9530244409801,0.00395849655154472,-143.580582700067,-28.3214755293731,81228,80,0.367616188076753
"Class 1","oil",-0.00465787880199357,0.00398420535132404,0.258501125472217,-0.0130638173175039,0.00374805971351674,42938,18,-0.000241487765015869
"Class 1","mining",-0.0620871206476928,0.0486841958907427,0.206606234159985,-0.159261182354619,0.0350869410592337,80532,68,0.00282847268162612
"Class 1","renewables",-0.0292127172695848,0.0314602716080983,0.356354702347631,-0.0919742418721888,0.0335488073330192,82156,70,0.00245838518708164
"Class 1","roads",-3.04390007276255,0.890346705225142,0.000997460045290516,-4.81609085935564,-1.27170928616947,82460,80,0.180529478729401
"Class 1","powerlines",-3.42469075915595,0.668583152733987,2.084119945483e-06,-4.75547223607164,-2.09390928224026,82460,80,0.0651091804594983
"Class 1","fires",0.017352073572792,0.0353079238626109,0.624995463956488,-0.053350824401363,0.0880549715469471,57630,58,0.00814612291794092
"Class 1","swu",-1.28191489361702,1.85415181889375,0.493226127132952,-5.02645045729135,2.46262067005731,3760,42,0.0773794278738997
"Class 1","dams",0.0898887323259318,0.0373731624023222,0.0185981629400365,0.0154536284334249,0.164323836218439,82324,77,0.0044123013915125
"Class 1","light",0.258889158379821,0.24146023598362,0.286903041710466,-0.221725419095991,0.739503735855633,82460,80,0.19580284455076
"Class 1","def0120_parea",-0.036921514037685,0.00873487308486497,8.49690457006087e-05,-0.0544062622134488,-0.0194367658619212,51148,59,0.116904436446009
"Class 1","any_threat",-0.0461799660441427,0.0169502775923677,0.00792719952226921,-0.07991864964133,-0.0124412824469553,82460,80,0.200889451836122
"Class 1","threat_composite",-0.0271566609546642,0.00419685247626778,7.5338469065329e-09,-0.0355102868483562,-0.0188030350609721,82460,80,0.274066557774642
"Class 2","built",-1407.81997101661,387.835762914503,0.00045484049186299,-2177.56660203845,-638.073339994773,1235190,98,0.0509013742731224
"Class 2","cropland",-4.09348960273072,0.579474624430069,2.46214195874023e-10,-5.24358632554382,-2.94339287991762,1235132,98,0.235272814858604
"Class 2","planted",-0.523815669769477,0.65817158153081,0.428880138929418,-1.83717661226425,0.789545272725299,635338,69,0.232831153692328
"Class 2","pasture",-151.516439702971,28.7464524094168,8.21582798874616e-07,-208.570190315588,-94.4626890903536,1221536,98,0.357496883019867
"Class 2","oil",-0.00126537029479965,0.00169996385198161,0.46491254410196,-0.0048006386569172,0.0022698980673179,632226,22,0.000372845859177962
"Class 2","mining",-0.150987531139114,0.0369043401708002,9.9764709577276e-05,-0.224402019879767,-0.07757304239846,1210696,83,0.00676123513252458
"Class 2","renewables",-0.043336289607353,0.0211026905189456,0.0432021090545147,-0.0853162634622015,-0.00135631575250457,1190688,83,0.00235368157078575
"Class 2","roads",-2.27041993539456,0.460999547832038,3.46498753238093e-06,-3.18537642671877,-1.35546344407035,1235190,98,0.163137295182068
"Class 2","powerlines",-2.3261198681984,0.407419538276396,1.23729067889562e-07,-3.13473487225068,-1.51750486414613,1235190,98,0.0732767994551702
"Class 2","fires",0.0135876051662277,0.0201331782153016,0.501879998986993,-0.0265377611518965,0.053712971484352,1089228,74,0.0147782330286081
"Class 2","swu",-0.00358361774744004,0.580868595333481,0.995095885454299,-1.16300218662401,1.15583495112913,35160,68,0.149710460376262
"Class 2","dams",0.0201621754336899,0.010861113012926,0.0665678615112494,-0.00140584249319359,0.0417301933605734,1230026,94,0.000412595957985817
"Class 2","light",-0.278000955318615,0.217011128133374,0.203232243588957,-0.708707972947974,0.152706062310744,1235190,98,0.208903694587983
"Class 2","def0120_parea",-0.0338269687619287,0.00788116364730828,4.9782083477062e-05,-0.0495140326005715,-0.0181399049232859,581406,80,0.117071101307942
"Class 2","any_threat",-0.0512439381795514,0.0151885767962375,0.00106662606467853,-0.081389058709598,-0.0210988176495048,1235190,98,0.313088804979201
"Class 2","threat_composite",-0.0250577941467436,0.00280600735776888,2.7356669829671e-14,-0.0306269420098334,-0.0194886462836539,1235190,98,0.305519187052773
"Class 3","built",-446.253377841152,117.234577865916,0.000266987889206023,-679.38719268913,-213.119562993175,1521830,85,0.0818081171500724
"Class 3","cropland",-2.98026397929801,0.713015645774633,7.11730964036968e-05,-4.39817378519037,-1.56235417340564,1521786,85,0.280369518404965
"Class 3","planted",0.0403109283898217,0.428571043236583,0.925404180873534,-0.818564635077239,0.899186491856882,823598,56,0.297859952486404
"Class 3","pasture",-191.581280575177,43.928738236456,3.65071476621702e-05,-278.938394090238,-104.224167060115,1509158,85,0.295847987866714
"Class 3","oil",5.08748820566538e-18,1.95742050625143e-18,0.0167498074741204,1.01680942091104e-18,9.15816699041972e-18,871508,22,0.000144802494060237
"Class 3","mining",-0.087462112029188,0.0419963039284756,0.0406069133077374,-0.171087436816831,-0.00383678724154454,1493218,78,0.00253140883947522
"Class 3","renewables",-0.0233999904144619,0.0133277246414285,0.0834460305654049,-0.0499747185717109,0.0031747377427871,1418804,72,0.00525020653110619
"Class 3","roads",-1.3763692396654,0.409020022313178,0.00115546704463922,-2.18975041002401,-0.562988069306797,1521830,85,0.161356912608484
"Class 3","powerlines",-1.09276331784759,0.261219749181814,7.02704264469921e-05,-1.61222743627552,-0.573299199419666,1521830,85,0.09544117063752
"Class 3","fires",0.180956423316355,0.0807424438917889,0.0283851214669885,0.0197489327427562,0.342163913889954,1413600,67,0.0658808731166202
"Class 3","swu",-6.31217497705721,6.34211712391918,0.324393091710369,-19.0506921163153,6.42634216220093,52304,51,0.168693255672293
"Class 3","dams",-0.0172911043207962,0.0200318786756226,0.390556531522692,-0.0571408923045206,0.0225586836629283,1515230,83,0.00183250239282973
"Class 3","light",-0.509303930136743,0.135239933727901,0.000306877596633931,-0.778243369709201,-0.240364490564285,1521830,85,0.349612359135157
"Class 3","def0120_parea",-0.0339195992846449,0.0139642756621059,0.0177482166253819,-0.0617775669920567,-0.00606163157723303,649738,70,0.132549749893182
"Class 3","any_threat",-0.0684136861541697,0.0166466727650295,9.17121834566618e-05,-0.101517420537689,-0.0353099517706507,1521830,85,0.314149593928472
"Class 3","threat_composite",-0.020415187766292,0.0039841763968193,1.8793984294424e-06,-0.0283381594639433,-0.0124922160686407,1521830,85,0.288406886730194
"Class 4","built",-247.791927047656,174.711917507456,0.160543284946693,-596.243859193233,100.660005097921,8583576,71,0.0162182522565814
"Class 4","cropland",-0.613143828169871,0.193538283007974,0.00227496785966669,-0.999143762349448,-0.227143893990294,8423482,71,0.157839914293405
"Class 4","planted",0.100697694616268,0.226786277904538,0.659254500770905,-0.356660422925727,0.558055812158263,4145080,44,0.409859941737598
"Class 4","pasture",-89.9088385344998,79.010921830476,0.259029892283577,-247.491153268453,67.6734761994538,8516458,71,0.343104870181315
"Class 4","oil",6.29273356031218e-05,5.33203477078736e-05,0.249993103808232,-4.73742074729607e-05,0.000173228878679204,6356538,24,2.11643381506921e-05
"Class 4","mining",-0.0803694259619649,0.0388880717824418,0.0429465589831723,-0.158105573807415,-0.00263327811651443,8485814,63,0.0011849177100467
"Class 4","renewables",-0.00200482008869825,0.00166042993015681,0.232175051149961,-0.00532853171109118,0.00131889153369468,7980766,59,0.00464559085261429
"Class 4","roads",-0.55182129219803,0.182369532486247,0.00346679535888111,-0.915545855844963,-0.188096728551098,8583576,71,0.0876504265185852
"Class 4","powerlines",-0.609396363473685,0.324212319914939,0.0643221056658071,-1.25601744640547,0.037224719458102,8583576,71,0.0348025044216288
"Class 4","fires",-0.0453741819965015,0.078462904648646,0.565198423609641,-0.202270456679143,0.11152209268614,8515856,62,0.0200131712776931
"Class 4","swu",-0.247300893743798,0.947312299685083,0.79526790036899,-2.15648338540087,1.66188159791327,251750,45,0.114410473541634
"Class 4","dams",0.000539889247589217,0.000626329870388587,0.391768486569394,-0.000710270406081983,0.00179004890126042,8520266,68,0.000330248520997278
"Class 4","light",-0.276498512974079,0.210195504725165,0.192656210171238,-0.695720228325423,0.142723202377265,8583576,71,0.135704314200626
"Class 4","def0120_parea",-0.0701883979802064,0.0206178090217556,0.00138466005912999,-0.11168989501946,-0.0286869009409532,3295702,47,0.0667835964146559
"Class 4","any_threat",-0.0871343132512603,0.0479873734931079,0.0736874021143945,-0.18284211184234,0.00857348533981894,8583576,71,0.233043666084071
"Class 4","threat_composite",-0.0160327627391536,0.00839401407921781,0.0602278674561312,-0.0327740959354755,0.000708570457168194,8583576,71,0.175375651016616
