"key","value","unit","digits","label"
"matched_pre_balance_observations",12128798,"observations",0,"Matched-sample pre-balance observations"
"matched_pre_balance_pairs",6064399,"pairs",0,"Matched-sample pre-balance pairs"
"matched_pre_balance_countries",145,"countries",0,"Matched-sample pre-balance countries"
"matched_pre_balance_protected_areas",28642,"PAs",0,"Matched-sample pre-balance protected areas"
"matched_pre_balance_treated_pixels",6064399,"pixels",0,"Matched-sample pre-balance treated pixels"
"matched_pre_balance_cells_25km",35551,"cells",0,"Matched-sample pre-balance cells 25km"
"indonesia_pre_balance_observations",7454,"observations",0,"Indonesia pre-balance observations"
"indonesia_pre_balance_pairs",3727,"pairs",0,"Indonesia pre-balance pairs"
"indonesia_pre_balance_protected_areas",4,"PAs",0,"Indonesia pre-balance protected areas"
"indonesia_pre_balance_treated_pixels",3727,"pixels",0,"Indonesia pre-balance treated pixels"
"indonesia_pre_balance_cells_25km",20,"cells",0,"Indonesia pre-balance cells 25km"
"matched_post_balance_observations",11423056,"observations",0,"Matched-sample post-balance observations"
"matched_post_balance_pairs",5711528,"pairs",0,"Matched-sample post-balance pairs"
"matched_post_balance_countries",107,"countries",0,"Matched-sample post-balance countries"
"matched_post_balance_protected_areas",22090,"PAs",0,"Matched-sample post-balance protected areas"
"matched_post_balance_treated_pixels",5711528,"pixels",0,"Matched-sample post-balance treated pixels"
"matched_post_balance_cells_25km",32992,"cells",0,"Matched-sample post-balance cells 25km"
"indonesia_post_balance_observations",7454,"observations",0,"Indonesia post-balance observations"
"indonesia_post_balance_pairs",3727,"pairs",0,"Indonesia post-balance pairs"
"indonesia_post_balance_protected_areas",4,"PAs",0,"Indonesia post-balance protected areas"
"indonesia_post_balance_treated_pixels",3727,"pixels",0,"Indonesia post-balance treated pixels"
"indonesia_post_balance_cells_25km",20,"cells",0,"Indonesia post-balance cells 25km"
"indonesia_avg_abs_smd",0.0390964883216038,"average absolute SMD",3,"Indonesia average absolute standardized mean difference before country filtering"
"indonesia_balance_threshold",0.1,"average absolute SMD",2,"Country-balance threshold applied to Indonesia average absolute SMD"
"indonesia_passes_balance",1,"indicator",0,"Indicator that Indonesia passes the country-balance threshold"
"indonesia_retained_post_balance",1,"indicator",0,"Indicator that Indonesia is retained in the post-balance matched sample"
"global_composite_percent_change",-30.5889897580525,"%",1,"Composite mapped-pressure index percentage difference inside PAs relative to matched controls"
"global_composite_coef",-0.0176727976886744,"index units",3,"Composite mapped-pressure index ATT in raw index units"
"global_composite_p_value",0.00852445226412493,"",3,"Composite mapped-pressure index p-value"
"global_any_threat_percentage_points",-8.04637568095375,"percentage points",1,"Any-threat indicator percentage-point difference inside PAs relative to matched controls"
"global_any_threat_p_value",0.0390582978969505,"",3,"Any-threat indicator p-value"
"individual_threats_lower_p05",6,"indicators",0,"Number of individual mapped threat indicators significantly lower inside PAs at p < 0.05"
"individual_threats_lower_p10",9,"indicators",0,"Number of individual mapped threat indicators lower inside PAs at p < 0.10"
"global_composite_matched_pairs",5711528,"pairs",0,"Matched 1-km protected-control pairs in the composite-effect estimation sample"
"country_composite_estimated_n",106,"countries",0,"Countries with an estimated composite mapped-pressure effect"
"country_composite_significant_reduction_n",83,"countries",0,"Countries with a significant composite mapped-pressure reduction at p < 0.05"
"country_composite_significant_increase_n",10,"countries",0,"Countries with a significant composite mapped-pressure increase at p < 0.05"
"country_composite_null_n",13,"countries",0,"Countries without a significant composite mapped-pressure effect at p < 0.05"
"country_composite_not_estimated_n",1,"countries",0,"Post-balance countries without an estimated composite mapped-pressure effect"
"country_composite_indonesia_present",1,"indicator",0,"Indicator that Indonesia is present in composite by-country results"
"country_composite_indonesia_estimated",1,"indicator",0,"Indicator that Indonesia has an estimated composite by-country effect"
"country_composite_indonesia_coef",-0.0493103047111497,"index units",3,"Indonesia composite mapped-pressure ATT in raw index units"
"country_composite_indonesia_percent_change",-77.9839399423561,"%",1,"Indonesia composite mapped-pressure percentage difference relative to matched controls"
"country_composite_indonesia_p_value",7.01371340651905e-193,"",3,"Indonesia composite mapped-pressure p-value"
"country_composite_indonesia_direction",-1,"category",0,"Indonesia effect direction (-1 significant reduction, 0 null, 1 significant increase)"
"pa_results_n",22090,"PAs",0,"PA records in the canonical regression output"
"pa_coefficients_n",22090,"PAs",0,"PAs with fitted regression coefficients"
"pa_inference_n",18684,"PAs",0,"PAs with available regression inference"
"pa_no_inference_n",3406,"PAs",0,"PAs without regression inference"
"pa_status_estimated_n",18684,"PAs",0,"PA estimation status: estimated"
"pa_status_single_pair_n",3393,"PAs",0,"PA estimation status: single_pair"
"pa_status_constant_outcome_n",6,"PAs",0,"PA estimation status: constant_outcome"
"pa_status_no_inference_n",7,"PAs",0,"PA estimation status: no_inference"
"sfa_pa_n",22090,"PAs",0,"Protected areas in the stochastic-frontier results"
"sfa_country_n",107,"countries",0,"Countries in the stochastic-frontier country results"
"sfa_total_pa_area_km2",6687957.29266835,"km2",1,"SFA total pa area km2"
"sfa_aggregate_achieved_threat_reduction",123434.147781772,"threat-index km2",1,"SFA aggregate achieved threat reduction"
"sfa_aggregate_underperformance",133488.020468756,"threat-index km2",1,"SFA aggregate underperformance"
"sfa_aggregate_total_potential_reduction",256922.168250527,"threat-index km2",1,"SFA aggregate total potential reduction"
"sfa_aggregate_net_residual",107845.200688636,"threat-index km2",1,"SFA aggregate net residual"
"sfa_aggregate_positive_residual",137935.142453005,"threat-index km2",1,"SFA aggregate positive residual"
"sfa_area_weighted_mean_underperformance",0.019959460658502,"index units",4,"SFA area weighted mean underperformance"
"sfa_area_weighted_mean_net_residual",0.0161252824994653,"index units",4,"SFA area weighted mean net residual"
"sfa_area_weighted_mean_positive_residual",0.0206244053926924,"index units",4,"SFA area weighted mean positive residual"
"sfa_median_underperformance",0.0410694917381377,"index units",3,"SFA median underperformance"
"sfa_median_net_residual",0.0311661151165261,"index units",3,"SFA median net residual"
"sfa_share_achieved_percent",48.043401090018,"%",1,"Area-weighted share of total potential threat reduction achieved"
"sfa_share_underperformance_percent",51.956598909982,"%",1,"Area-weighted share of total potential threat reduction attributed to underperformance"
"sfa_negative_residual_percent",23.8388411045722,"%",1,"Share of PAs with a negative untruncated SFA frontier residual"
"sfa_country_achieved_share_median_percent",34.6631243426229,"%",1,"Median country ratio of observed to frontier-implied threat reduction"
"sfa_country_achieved_share_p25_percent",15.0998657055857,"%",1,"25th percentile of the country achieved-share ratio"
"sfa_country_achieved_share_p75_percent",63.7734573857153,"%",1,"75th percentile of the country achieved-share ratio"
"species_coverage_n",7165,"species",0,"Threatened terrestrial vertebrate species in the PA-coverage analysis"
"species_no_pa_overlap_n",1378,"species",0,"Threatened terrestrial vertebrate species with no mapped PA overlap"
"species_no_pa_overlap_percent",19.2323796231682,"%",1,"Share of threatened terrestrial vertebrate species with no mapped PA overlap"
"species_mean_range_protected_percent",28.6472675476587,"%",1,"Mean share of threatened terrestrial vertebrate mapped range inside any PA"
"species_mean_range_unprotected_percent",71.352732452341,"%",1,"Mean share of threatened terrestrial vertebrate mapped range outside PAs"
"species_range_effect_estimable_n",3310,"species",0,"Threatened terrestrial vertebrate species with estimable range-based pressure contrasts"
"species_range_effect_median_percent",-25.0789291005134,"%",1,"Median species-level range-based percentage difference in the composite mapped-pressure index"
"species_range_effect_negative_share_percent",80.6344410876133,"%",1,"Share of species with lower estimated composite mapped pressure inside protected areas"
"species_range_effect_amphibian_n",1179,"species",0,"Threatened amphibian species with estimable range-based pressure contrasts"
"species_range_effect_amphibian_median_percent",-25.3281021096632,"%",1,"Median amphibian range-based percentage difference in the composite mapped-pressure index"
"species_range_effect_amphibian_negative_share_percent",77.8625954198473,"%",1,"Share of amphibian species with lower estimated composite mapped pressure inside protected areas"
"species_range_effect_bird_n",699,"species",0,"Threatened bird species with estimable range-based pressure contrasts"
"species_range_effect_bird_median_percent",-24.5197354779675,"%",1,"Median bird range-based percentage difference in the composite mapped-pressure index"
"species_range_effect_bird_negative_share_percent",86.4091559370529,"%",1,"Share of bird species with lower estimated composite mapped pressure inside protected areas"
"species_range_effect_mammal_n",814,"species",0,"Threatened mammal species with estimable range-based pressure contrasts"
"species_range_effect_mammal_median_percent",-26.4818993481786,"%",1,"Median mammal range-based percentage difference in the composite mapped-pressure index"
"species_range_effect_mammal_negative_share_percent",82.6781326781327,"%",1,"Share of mammal species with lower estimated composite mapped pressure inside protected areas"
"species_range_effect_reptile_n",618,"species",0,"Threatened reptile species with estimable range-based pressure contrasts"
"species_range_effect_reptile_median_percent",-23.0640785841953,"%",1,"Median reptile range-based percentage difference in the composite mapped-pressure index"
"species_range_effect_reptile_negative_share_percent",76.6990291262136,"%",1,"Share of reptile species with lower estimated composite mapped pressure inside protected areas"
"hotspot_estimated_n",31,"hotspots",0,"Biodiversity hotspots with estimable composite mapped-pressure contrasts"
"hotspot_negative_n",27,"hotspots",0,"Biodiversity hotspots with lower estimated composite mapped pressure inside protected areas"
"hotspot_significant_reduction_n",17,"hotspots",0,"Biodiversity hotspots with significant reductions at the 5 percent level"
"hotspot_significant_reduction_p10_n",20,"hotspots",0,"Biodiversity hotspots with significant reductions at the 10 percent level"
"hotspot_significant_increase_n",2,"hotspots",0,"Biodiversity hotspots with significant increases at the 5 percent level"
"hotspot_median_percent",-13.7513330380953,"%",1,"Median biodiversity-hotspot percentage difference in the composite mapped-pressure index"
"hotspot_sundaland_percent",-62.6236553489447,"%",1,"Sundaland percentage difference in the composite mapped-pressure index"
"hotspot_wallacea_percent",-51.1548174816239,"%",1,"Wallacea percentage difference in the composite mapped-pressure index"
"hotspot_indoburma_percent",-37.0395641809902,"%",1,"Indo-Burma percentage difference in the composite mapped-pressure index"
"hotspot_cerrado_percent",-30.5393891668179,"%",1,"Cerrado percentage difference in the composite mapped-pressure index"
