"country_rast","delta_mean","tc_protected_mean","frontier_mean","frontier_level_mean","gap_mean","te_mean","tc_control_mean","n_pas","n_pixels","total_pa_area","country_name"
4,-0.0152854330020467,0.0772642882247096,-0.0500818636763707,0.0424678575503856,0.0237922883174738,0.976550159379402,0.0925497212267563,41,30134,30097.4137835682,"Algeria"
7,0.000835229434942344,0.00785805483612162,-0.00445302031223016,0.00256980508894915,0.0143604497431362,0.985743185174155,0.00702282540117931,6,66096,66674.7164358997,"Angola"
11,-0.013338902421786,0.0780069369568776,-0.0499647476496271,0.0413810917290365,0.023777129455263,0.976523328881663,0.0913458393786636,101,52589,71218.1678662065,"Argentina"
14,-0.00418913779322722,0.0160482021483463,-0.0120852862304628,0.00815205371111065,0.0175822942593025,0.982590631319072,0.0202373399415735,2224,1038508,959267.88735728,"Australia"
15,-0.0155124563188037,0.18774382560308,-0.10163067187322,0.101625610048664,0.0438967473702716,0.957199970141672,0.203256281921884,146,6156,11104.9319548634,"Austria"
16,-0.0364345032170856,0.0786551550320747,-0.0624043069995314,0.0526853512496289,0.0280392034120165,0.972364841313223,0.11508965824916,13,590,4035.96817288883,"Azerbaijan"
19,-0.0497039772473289,0.201823828165307,-0.118144003183409,0.133383802229227,0.048145959889609,0.953105511071452,0.251527805412636,17,361,442.676620708992,"Bangladesh"
21,-0.06031976808623,0.0603550690225109,-0.0678211336235658,0.0528537034851751,0.0265006634783823,0.973858838447405,0.120674837108741,27,3775,7557.90001373352,"Belarus"
24,-0.0968453077342676,0.168369525535004,-0.126572390571594,0.138642442697677,0.0266709287867907,0.973959129382583,0.265214833269271,4,39,14118.6995099627,"Benin"
27,-0.0033064336734142,0.0576558172692977,-0.03664721610338,0.0243150348393319,0.0232620583207731,0.977054691535815,0.0609622509427119,36,23851,26321.2142238111,"Bolivia"
29,0.00526607567761142,0.0975321134207974,-0.0526696419928711,0.0395963957503149,0.0388991010320027,0.962056289472508,0.092266037743186,29,773,1661.56037117868,"Bosnia and Herzegovina"
32,-0.0434703321088859,0.0222838225677975,-0.037165291260225,0.0285888634164582,0.0166974099379803,0.983456598206539,0.0657541546766832,895,1265521,1538906.01586573,"Brazil"
36,-0.0223269615001541,0.153534650917925,-0.0918920142516953,0.0839695981663839,0.0338155660581258,0.966790829210864,0.175861612418079,271,32516,46456.9707331114,"Bulgaria"
41,-0.0207376328295024,0.0440261323706996,-0.0373999602392116,0.0273638049609904,0.0214070045856948,0.978823292430019,0.064763765200202,25,23679,30231.8963439374,"Cameroon"
42,-0.00398641040079,0.045654025812626,-0.0294937610006249,0.020146675212791,0.0214436505446119,0.978813599221328,0.049640436213416,3375,404811,415278.591713761,"Canada"
45,-0.029675500675811,0.123969185798689,-0.0848069390363954,0.0688377474381048,0.0206712229196553,0.979541060425093,0.1536446864745,3,8639,8625.16859841458,"Chad"
46,-0.00071154539101975,0.00873144410534848,-0.00586348182708645,0.00357950766928178,0.0183726973151168,0.981807191310356,0.00944298949636823,41,26698,46453.1224069775,"Chile"
47,-0.00425667362275197,0.0220181746948135,-0.0159846708739586,0.0102901774436069,0.0216811508304203,0.978568763193099,0.0262748483175654,18,239,3687.97331813364,"China"
50,-0.0191625171956638,0.0995172509602391,-0.0607561340455577,0.0579236341103452,0.0283638617095926,0.972137035003176,0.118679768155903,427,59640,62065.1130276691,"Colombia"
54,-0.0399155869036999,0.101913482791801,-0.0783964494503322,0.0634326202451683,0.0292448304356685,0.971203352751494,0.1418290696955,9,1019,3828.61301789,"Côte d'Ivoire"
55,-0.0121572153902011,0.138551231690241,-0.0813944433600535,0.0693140037203882,0.0332368427863521,0.967364259532149,0.150708447080442,113,12319,20573.6001608141,"Croatia"
60,0.00328967736347184,0.0382381840360581,-0.0216088702900267,0.0133396363825595,0.0154871504178371,0.984635158731005,0.0349485066725862,13,110479,172498.819119199,"Democratic Republic of the Congo"
62,-0.00410829413835403,0.107573374336421,-0.0643628233777291,0.0473188450970457,0.0375315446797039,0.963174423997239,0.111681668474775,2,203,323.398099035002,"Djibouti"
65,-0.0264615876054193,0.057165579739122,-0.0491253227164727,0.0345018446280685,0.022123644164501,0.978131099386717,0.0836271673445412,32,19139,24709.6472077727,"Ecuador"
67,-0.0897494261567608,0.271320383226986,-0.155221584815665,0.205848224568082,0.0384054569419374,0.96252265804107,0.361069809383747,38,926,960.678048196871,"El Salvador"
69,-0.0097762798657723,0.0511399495358773,-0.0368820860154995,0.0240341433861501,0.0230322400504176,0.977230977289417,0.0609162294016496,1,1,1.01224194815584,"Eritrea"
70,-0.0722470187451899,0.0495284456918133,-0.0666015237651757,0.0551739406718275,0.0328596440150223,0.967790168705461,0.121775464437003,253,2962,6506.05519942002,"Estonia"
71,0.00662416247469354,0.122898031924214,-0.0522980254318793,0.0639758440176407,0.0196916238109505,0.98053536046008,0.11627386944952,27,74038,76120.901954409,"Ethiopia"
75,-0.0339442723551149,0.0371274553227587,-0.0400481218389553,0.0310236058389183,0.032280706611384,0.968324005714467,0.0710717276778736,716,8817,23506.6327094946,"Finland"
76,-0.0267375551324781,0.205590349221226,-0.115658403306435,0.116669501047268,0.0377094592879501,0.963082934130498,0.232327904353704,967,63724,90351.6795584262,"France"
80,-0.000393450624476691,0.0229045362932686,-0.0144581934746579,0.00883979344308742,0.0189877336792781,0.981195926669706,0.0232979869177453,22,40475,42463.3331042751,"Gabon"
81,0.0021400477532036,0.0735778033408349,-0.0423830842732503,0.029054671314381,0.048738204210459,0.952471868781378,0.0714377555876313,7,24,44.2430640552406,"Gambia"
91,-0.0354340820405477,0.160379338867525,-0.10160068619518,0.0942127347128922,0.0352024310903107,0.965588033178664,0.195813420908073,110,2422,6620.1692549784,"Guatemala"
93,-0.00406212358233054,0.137877693549779,-0.079366691435757,0.0625731256963528,0.0196947507942521,0.980499508390308,0.14193981713211,7,34232,46171.5236987323,"Guinea"
95,-0.00489844284308798,0.00238066765113667,-0.00456282608728072,0.00271628440694393,0.0181724671586913,0.981992332627758,0.00727911049422465,7,13354,13619.242470744,"Guyana"
98,-0.0138572264680839,0.123939579685047,-0.0770715057574148,0.0607253003957156,0.032950628062845,0.967597832036582,0.13779680615313,15,2524,2662.98273433688,"Honduras"
100,-0.0435131584888532,0.0449152850518623,-0.0464976459888179,0.0419307975518976,0.0303342352488097,0.970202046614998,0.0884284435407155,18,755,15782.1716538677,"Iceland"
102,-0.0493751972739903,0.0139254905688291,-0.0382151986473379,0.0250854891954815,0.0182460863338162,0.98191961659302,0.0633006878428194,4,3727,5010.57693105323,"Indonesia"
103,-0.000732679114794787,0.0230957903564439,-0.0128336293679568,0.0109948401032819,0.0190731323798927,0.981143690785234,0.0238284694712387,17,18584,18606.8473154965,"Iran"
104,-0.141381643003037,0.155707594293776,-0.136598123296448,0.160491114000366,0.021482364785979,0.978751297372011,0.297089237296814,7,6478,8924.67495827903,"Iraq"
105,-0.0620020926702478,0.166452193215631,-0.114373085292944,0.114081200592935,0.0389953354997418,0.961880434651322,0.228454285885878,204,2828,3278.63361240966,"Ireland"
108,-0.0310704440486051,0.155145137498882,-0.0915055457514469,0.0947100357960402,0.0427252715992993,0.958371804049864,0.186215581547487,1077,26991,43711.5064389721,"Italy"
110,-0.00850334982853959,0.141052557861102,-0.0768018196120616,0.0727540880775798,0.0448700878248608,0.956555245770449,0.149555907689641,1575,28496,42781.3727307976,"Japan"
112,0.000943902374577829,0.0240877444705465,-0.0128894377971661,0.0102544042988026,0.024396611528393,0.975932328376942,0.0231438420959687,12,3478,3572.97237367586,"Jordan"
113,-0.0135863501970956,0.0168644109296319,-0.0179112541364446,0.0125395069902827,0.016384709719081,0.983758412670805,0.0304507611267274,71,208210,225382.255950309,"Kazakhstan"
114,0.0562350921116191,0.180367464617268,-0.0665568517366188,0.0575755207690298,0.0347289794226,0.965913086161662,0.124132372505649,40,10839,13352.547446432,"Kenya"
118,-0.0517663071484903,0.0665996070676194,-0.0674619700434501,0.0509039441726596,0.021906058553199,0.978343572872148,0.11836591421611,15,15436,18923.1121458444,"Laos"
119,-0.0593471757467575,0.0745111454293216,-0.0746264966664239,0.0592318245096553,0.0313298460676561,0.969246604554033,0.133858321176079,80,1996,2815.1452643334,"Latvia"
120,-0.0469397284636356,0.218560031088733,-0.12409109106082,0.141408668491549,0.0428746373306585,0.95806896037193,0.265499759552368,12,460,453.045577695883,"Lebanon"
122,-0.0656113304207211,0.0176088977006727,-0.0493153429177864,0.0339048852036074,0.0225352778724812,0.977724353327617,0.0832202281213938,2,1081,1115.3384487264,"Liberia"
123,0.00207725430479988,0.0034171031755841,-0.000856564852492137,0.000483284018292079,0.0131805643286496,0.986905918926346,0.00133984887078422,1,149,26025.7182065225,"Libya"
125,-0.0835861380467456,0.115034962388851,-0.103440800997052,0.0951802994385447,0.0329470639823331,0.967631864400036,0.198621100435597,73,1901,3475.87350436318,"Lithuania"
127,-0.0106151633291817,0.0887496188421975,-0.057513632694201,0.0418511494771781,0.024958657956857,0.975363216492125,0.0993647821713791,84,50328,56924.0799249446,"Madagascar"
128,0.00525483660183561,0.136585618885257,-0.0736078188551914,0.0577229634282295,0.0358378047547122,0.96479816568415,0.131330782283421,5,874,883.474158448574,"Malawi"
129,-0.082548838926004,0.0492213970685362,-0.0686358826449316,0.0631343533496085,0.0256162135585771,0.974746281603547,0.13177023599454,228,25592,27467.9276111395,"Malaysia"
131,0.0240879855650614,0.124364071175399,-0.0577720094419887,0.0425040761683486,0.0187984701346914,0.981383770382752,0.100276085610337,26,53085,53241.0202275966,"Mali"
138,-0.00687036943124448,0.0726265118876829,-0.0450114202182555,0.0344854611006717,0.0233043867834445,0.977010087438123,0.0794968813189273,396,124015,132643.838219069,"México"
142,-0.00284360314900816,0.006438817077887,-0.00587103043837677,0.00341138978851839,0.0195196333870978,0.98067322228731,0.00928242022689516,44,68683,69660.0018669092,"Mongolia"
145,0.00236389379469699,0.0570087311102566,-0.0314653741186449,0.0231794631969147,0.0273456892456145,0.973060166259952,0.0546448373155596,19,4853,5443.15225786167,"Morocco"
146,-0.00844749603410394,0.0311095780532135,-0.0241083236007286,0.0154487504865878,0.017985063537929,0.982181890926132,0.0395570740873164,22,50392,62222.9877202944,"Mozambique"
147,-0.0073844621310301,0.0232922891750565,-0.0188420848077432,0.0118346664983435,0.0200384460332034,0.980170103624699,0.0306767513060867,23,32613,35178.6198989644,"Myanmar"
148,-0.0076011461753931,0.0131207761618552,-0.0128595315425199,0.00786239079472845,0.0194629482261921,0.980730946260354,0.0207219223372483,110,205231,218835.867136082,"Namibia"
150,-0.0119498787579629,0.131749849550634,-0.0753253512585599,0.0683743770500371,0.030194692386014,0.970301693720505,0.143699728308597,12,6591,6850.16102608068,"Nepal"
155,0.00906009218602067,0.0348399065555913,-0.0145757047371636,0.0112041096324087,0.0143882942968633,0.985743075768163,0.0257798143695723,16,157003,218569.570200997,"Niger"
159,-0.0437807223194088,0.0814600906336118,-0.0712513419599803,0.0539894709930404,0.0230538044692325,0.97720990409856,0.125240812953021,1,9,13.7873898743537,"North Korea"
160,-0.0333965781857326,0.0620114033088187,-0.0554755572264428,0.0399324242681085,0.0284233812860328,0.971979345417109,0.0954079814945513,6,217,1931.84350257893,"North Macedonia"
162,-0.0238682933559757,0.0198473415510131,-0.0250684412832034,0.0186471936237853,0.0319488617304571,0.968635554444417,0.0437156349069888,429,6021,18277.9011831519,"Norway"
164,-0.00731373986204064,0.0384237194308314,-0.026130029163204,0.0196074301296681,0.0267097044373884,0.973662028940868,0.0457374592928721,11,2936,8020.52987610461,"Pakistan"
167,-0.00831369686537544,0.0691095740267977,-0.0451546409261939,0.0322686299659793,0.0264313956255756,0.973922388366567,0.0774232708921731,10,3256,3719.21722320227,"Panama"
169,-0.0476661900551438,0.138661063980363,-0.0952393129821933,0.0910879410533131,0.0316981706648354,0.968889175935305,0.186327254035507,70,6708,8394.98448855774,"Paraguay"
170,-0.0103230329182397,0.00881793888043622,-0.0117901738647503,0.0073507979339256,0.0184677825514093,0.981709779622523,0.0191409717986759,126,144537,147405.029014237,"Peru"
171,-0.0102792883043722,0.0409742380905931,-0.0307562222336988,0.0204973041612665,0.0260044826213418,0.974346029502905,0.0512535263949654,68,15585,15701.4363804479,"Philippines"
173,-0.0771815429308874,0.17157433137859,-0.121967720951287,0.126788153358191,0.0326546604380861,0.96796125424493,0.248755874309478,442,29096,64786.1686238632,"Poland"
174,-0.00334539557788773,0.199247686541722,-0.102190499327271,0.100402582792339,0.0406444276824644,0.960233722351566,0.20259308211961,60,8471,13407.5078082719,"Portugal"
177,0.00504503822294796,0.0303352471984574,-0.0156432732130052,0.00964693576250425,0.015699446059654,0.984429082789784,0.0252902089755094,24,94807,124567.666098415,"Republic of the Congo"
179,-0.0417477406816347,0.094424782827761,-0.0705986838047916,0.0655738397046042,0.0298079503723101,0.970682257608747,0.136172523509396,327,33355,49187.7234051289,"Romania"
180,-0.00695722523187594,0.0291363359436657,-0.0215787083285484,0.0145148528469932,0.0199953483926966,0.980218575622206,0.0360935611755416,699,361574,393572.041966291,"Russia"
181,-0.160491739471211,0.277078324689196,-0.158899870179144,0.278670193981263,0.0293180588692887,0.971113222841417,0.437570064160407,4,107,120.424185306403,"Rwanda"
192,-0.0592411667871745,0.0328232971544222,-0.0531752740436036,0.0388891898979932,0.0139165263215018,0.986188000297408,0.0920644639415967,13,145432,148498.834782994,"Saudi Arabia"
193,-0.0084915516207068,0.0630612938640481,-0.0428731863258167,0.0286796591589382,0.0252110713172188,0.975104493864695,0.0715528454847549,3,1207,1208.07628261413,"Senegal"
194,-0.0232253567130578,0.117873023258788,-0.0731007156083497,0.0679976643634964,0.039928693807302,0.96101260430411,0.141098379971846,48,831,2637.24434915747,"Serbia"
203,-0.00456412265901704,0.0562473010088167,-0.0357720160126096,0.0250394076552241,0.0268408204748612,0.973561495140246,0.0608114236678338,277,25794,34131.3904729419,"South Africa"
205,-0.0244736886199635,0.197177107970479,-0.107849724750977,0.113801071839465,0.0324549633099173,0.968175910935105,0.221650796590442,108,8984,12346.5074761493,"South Korea"
206,-0.0313746047753085,0.0882912358493786,-0.0684586393093874,0.051207201315298,0.016034586508687,0.984093283115794,0.119665840624685,1,15286,24217.3847012077,"South Sudan"
207,-0.026504594905508,0.117716689783747,-0.0790060655207651,0.0652152191684899,0.03421215817066,0.966443675535429,0.144221284689255,793,55322,84466.012737371,"Spain"
209,0.0020678079342186,0.0036182354511876,-0.000987198493339837,0.000563229023629163,0.013235282944803,0.986852140752912,0.001550427516969,2,152,26376.0552568841,"Sudan"
212,-0.0211991544810964,0.117475982187624,-0.0770896464369888,0.0615854902317315,0.0516806004731394,0.949771128585707,0.13867513666872,5,36,34.2263705626872,"Swaziland"
213,-0.0346537825396225,0.0519695289779161,-0.0477223851601154,0.0389009263574232,0.0366134168582977,0.964245600344563,0.0866233115175387,1157,9809,11376.2801633522,"Sweden"
214,-0.0349281242285785,0.1231348571623,-0.0683585478466651,0.0897044335442135,0.0498838342892875,0.951826205218667,0.158062981390879,109,408,441.314884546563,"Switzerland"
216,-0.0773623135715442,0.165336794741004,-0.11388161146764,0.128817496844909,0.0483614351604403,0.953062304969088,0.242699108312548,10,103,309.45767546683,"Taiwan"
217,-0.0475458631237763,0.046518885229381,-0.0524106257173448,0.0416541226358125,0.0266336731090397,0.973736852946163,0.0940647483531573,4,66,4831.64073297552,"Tajikistan"
218,-0.0554691512919507,0.0491420905340259,-0.058227107392988,0.0463841344329886,0.0204393733517874,0.979785874254789,0.104611241825977,66,36119,87703.0226811781,"Tanzania"
221,-0.0276100784146369,0.0736326846842329,-0.0580286031844602,0.0432141599144096,0.0373469865425496,0.963380340251156,0.10124276309887,11,288,770.461065758582,"Togo"
225,-0.0197533023998908,0.029892902205128,-0.0278920262710315,0.0217541783339874,0.0255066070514873,0.97487145564218,0.0496462046050188,38,4115,4167.91436899751,"Tunisia"
226,-0.0247731362569843,0.102884237204247,-0.0647039692673195,0.0629534041939112,0.0452700527651521,0.956235209592245,0.127657373461231,9,70,347.076644707824,"Turkey"
230,-0.0134893107090789,0.136534415310392,-0.0821316042047543,0.0678921218147169,0.0295211916081727,0.970935667608173,0.150023726019471,9,4703,4953.7414861144,"Uganda"
231,-0.0724896058987711,0.186950871001521,-0.118385334039811,0.141055142860482,0.0456094259631786,0.955755014602795,0.259440476900293,315,2728,13272.536453435,"Ukraine"
232,-0.0438441338887145,0.100997147957301,-0.075843031181444,0.0689982506645712,0.0249970325063094,0.975445486354892,0.144841281846015,28,12993,12991.3293791629,"United Arab Emirates"
233,-0.0216846475669406,0.128060519021275,-0.0801123823556073,0.0696327842326081,0.0273816402765792,0.97304319315247,0.149745166588215,85,6948,11266.99807491,"United Kingdom"
234,-0.0127946440413747,0.0459195707540636,-0.0332017068317659,0.0255125079636724,0.032182203795939,0.96842534686847,0.0587142147954383,2448,48267,63654.9732254861,"United States"
236,-0.0236984910374387,0.225688164210791,-0.123623881271623,0.125762773976607,0.04411116680305,0.956871574429648,0.24938665524823,11,1160,1300.00293131017,"Uruguay"
237,-0.013013408791728,0.0167920817013302,-0.016930805269331,0.0128746852237272,0.017983930745612,0.982182069687677,0.0298054904930582,13,17068,17330.5275610781,"Uzbekistan"
240,-0.0537640291342717,0.0574885364448999,-0.0637958414307808,0.0474567241483908,0.0242314069752466,0.976089375345128,0.111252565579172,8,1445,1607.8667463699,"Venezuela"
241,-0.0333515429392016,0.0583146935777384,-0.0518955983966542,0.0397706381202858,0.0288473228731528,0.971599696185025,0.09166623651694,89,16678,21394.1106319221,"Vietnam"
245,0.0281452165697935,0.130536976361333,-0.0566875381878343,0.0457042216037051,0.0417099666511626,0.959252838916213,0.102391759791539,5,693,727.355644152237,"Yemen"
246,0.00219532482963967,0.0352745730855769,-0.0205395527456285,0.0125396955103087,0.0189721779650435,0.981206881898562,0.0330792482559372,6,6462,6652.85264303471,"Zambia"
247,-0.0123884478858922,0.0661724883261657,-0.0456292171778311,0.0329317190342267,0.0288301947742996,0.971600536391909,0.0785609362120578,105,39740,43534.8233304044,"Zimbabwe"
