"var","mean.co","stdev.co","mean.tr","stdev.tr","est","st.err","pval","pct.est","obs"
"built",1369.701,12012.02,1057.996,10878.854,-311.706,136.469,0.024,-22.76,12595902
"cropland",3.98,14.9,2.413,11.145,-1.567,0.337,0,-39.37,12581055
"planted",1.566,12.414,1.583,12.48,0.017,0.157,0.913,1.09,10642021
"pasture",616.486,1400.183,489.142,1298.039,-127.344,64.073,0.048,-20.66,12500322
"oil",0,0.12,0,0.178,0,0,0.276,122.22,12595902
"mining",0.07,2.643,0.053,2.305,-0.017,0.01,0.102,-23.96,12591024
"renewables",0.034,1.855,0.016,1.249,-0.019,0.011,0.091,-54.68,12595902
"roads",8.022,27.163,7.079,25.647,-0.943,0.244,0,-11.75,12595902
"powerlines",3.474,18.312,2.778,16.433,-0.696,0.18,0,-20.04,12595902
"fires",0.49,6.986,0.442,6.636,-0.048,0.074,0.514,-9.8,12595902
"swu",-19.411,49.101,-14.909,48.405,4.502,3.235,0.166,-23.19,817765
"dams",0.01,1.022,0.011,1.047,0.001,0.003,0.865,5.02,12595902
"light",2.195,5.165,2.105,5.066,-0.09,0.106,0.396,-4.1,12595901
"def0120_parea",46.087,161.79,23.741,107.207,-22.346,14.525,0.126,-48.49,12579149
