"variable","control_mean","control_se","control_n","treated_mean","treated_se","treated_n"
"built",1035.30699297981,324.910172072124,5711528,613.831015272971,200.803693107011,5711528
"cropland",3.15587656450577,0.797101572740596,5631411,1.81255479310603,0.575793791886923,5631411
"planted",1.81374449126929,1.1020306600569,2822338,1.83007846685974,1.31348223522267,2822338
"pasture",520.021771241661,109.003864191813,5664190,409.953457385687,93.9271194844028,5664190
"oil",0.000455511115103863,0.000319699360681238,3951605,0.000379592595919886,0.000282143032265792,3951605
"mining",0.127290763478394,0.0308668566320935,5635130,0.0385261741965136,0.0101185227932129,5635130
"renewables",0.0191521805657089,0.00982130958208021,5336207,0.0094823907693236,0.00492404192768458,5336207
"roads",6.11979841471494,1.44174631969384,5711528,5.25430322673722,1.29168647154006,5711528
"powerlines",3.01570788062319,0.672098534312337,5711528,2.13596081468917,0.588933316615774,5711528
"fires",0.368877227568666,0.130160446651348,5538157,0.358512768778494,0.139554744803061,5538157
"swu",-7.72278365123887,3.52805751655788,171487,-8.88134377532991,4.15886317706862,171487
"dams",0.0098168410110606,0.00405088495250877,5673923,0.0107509389887737,0.00377462243874401,5673923
"light",2.03045437228006,0.37271976387121,5711528,1.72664285284078,0.288279500838303,5711528
"def0120_parea",0.0946656064642495,0.0155601756026464,2288997,0.0346142913249695,0.00690133559727482,2288997
"any_threat",0.437093191174061,0.0476891289227038,5711528,0.356629434365025,0.044629893551104,5711528
"threat_composite",0.057775028951491,0.00827433173779244,5711528,0.0401022312628171,0.00691536286293196,5711528
