"country_rast","country","active_categories","total_prevalence","built","cropland","planted","pasture","oil","mining","renewables","roads","powerlines","def0120_parea","fires","swu","dams","light"
126,"Luxembourg",7,6.22199341021417,0.139074601178262,0.15767524988416,0.0655325345866155,0.15774144436354,0,0,0.000595750314423777,0.141987158271,0.0735420665916463,0.102932415436553,0,0.000264777917521679,0.000264777917521679,0.160389223538757
22,"Belgium",7,5.8317180031864,0.157093421666724,0.147764914796981,0.0739507564115699,0.159478195540074,0,0.000204897039237783,0.000517934182517729,0.140485378319617,0.0721806736559323,0.0856868034923562,0,0.00187822285967968,5.12242598094458e-05,0.160707577775501
20,"Barbados",7,5.26265060240964,0.189102564102564,0.154761904761905,0,0.174450549450549,0,0,0.000457875457875458,0.188186813186813,0,0.102106227106227,0,0.000915750915750916,0,0.190018315018315
190,"San Marino",5,5,0.2,0.2,0.00425531914893617,0.0765957446808511,0,0,0,0.182978723404255,0.119148936170213,0.0170212765957447,0,0,0,0.2
175,"Puerto Rico",7,4.94900945520036,0.183160097345737,0.0378010780812882,0,0.15986990242682,0,0.000227443309755044,0.000272931971706052,0.159073850842677,0.0779448222530534,0.178906907453317,0,0.00231992175950144,0.00036390929560807,0.200059135260536
132,"Malta",7,4.8476821192053,0.206284153005464,0.163934426229508,0,0.118852459016393,0,0,0.000683060109289617,0.19672131147541,0.0908469945355191,0.00887978142076503,0,0.00751366120218579,0,0.206284153005464
19,"Bangladesh",7,4.83668933834497,0.180370739289051,0.183577933271862,3.70060844170462e-05,0.19913128216831,0,7.70960092021796e-06,9.25152110426156e-06,0.161482217034517,0.0416380126499132,0.0306549151789707,3.08384036808719e-06,0.0279334260541337,6.16768073617437e-06,0.175148255625696
205,"South Korea",7,4.82252699872706,0.176259972923035,0.133786177124222,0.0220234496734586,0.161269722333387,0,0.000244799604914725,0.000249056989348024,0.114008497739329,0.0686332944492222,0.115043042156621,0,0.00247566904796369,0.00028950214146437,0.205716815817035
67,"El Salvador",7,4.78859341852089,0.167205852050278,0.0495672779723882,0,0.193787348032145,0,0,0.000113331959612611,0.174799093344323,0.0460745930352359,0.179404492066763,6.18174325159695e-05,0.00155573871831857,8.2423243354626e-05,0.187348032145065
61,"Denmark",7,4.77888465434898,0.194560954558532,0.199578039904504,0.0938558370305315,0.158386456897988,0,0,0.000625873825855655,0.118138731999818,0.0664031939754597,0.0787541072969822,0,0.00362905871605013,1.00947391267041e-05,0.0860576510551526
151,"Netherlands",7,4.67094017094017,0.194219626058601,0.17539352992235,0.0023928496023647,0.189633330987402,0.000134891031505853,1.75944823703287e-05,0.000604077228047951,0.144573861636991,0.0658444178572266,0.0458981396767307,0,0.00724892673657541,3.51889647406573e-05,0.174003565815094
83,"Germany",7,4.61985785234786,0.175137853047401,0.185113029437716,0.000543912056981495,0.190424708729606,2.31711414409157e-05,0.000742086292989327,0.00142624473237637,0.15359722824367,0.0692036627476949,0.101089592437915,0,0.00254882555850073,8.90259644835183e-05,0.120060659609225
174,"Portugal",7,4.61389287686361,0.151631928154949,0.104500368608002,0.0986672666519862,0.109354505155725,0,0.000157974858061984,0.00074918379656668,0.0915751529483853,0.0653968041207502,0.163003724376957,6.70196367535688e-05,0.00465786475437303,0.000280046339291698,0.209958160598198
59,"Czechia",7,4.58873319033613,0.159595818230165,0.172600170741606,0.00060739227184303,0.152920101325347,0,0.00110002379186318,0.0011392103900466,0.150750843211622,0.0766209956194981,0.135235749373714,0,0.00237078919009699,0.000145550221824136,0.146913355632374
109,"Jamaica",7,4.54804335844204,0.158594223389214,0.0339527368208443,0,0.156675419107251,0,0.00331246212886286,8.07917592405575e-05,0.190486770349424,0.0648959806099778,0.185376691577459,0,0.00177741870329226,0,0.204847505554433
76,"France",7,4.48509113820185,0.185376194264265,0.174712551678626,0.0651942920334468,0.158069624646968,0,4.28783545166017e-05,0.000963333698139651,0.129983485708032,0.0592546190196947,0.0905852201170538,1.22509584333148e-06,0.0025179803233273,0.000114750643992048,0.133183844416095
181,"Rwanda",7,4.4194944112816,0.19083533517654,0.197833476861714,0.0263064859719893,0.211630331323936,0,0.000135974255540951,9.06495036939673e-06,0.152889452930245,0.0248107691610388,0.134233785070027,0.00174953542129357,0.00288265421746816,9.06495036939673e-06,0.0566740697094683
208,"Sri Lanka",7,4.32035290538485,0.155735511583691,0.144218716991761,8.09802126610802e-05,0.166157312865291,0,0,6.6896697415675e-05,0.173389197943807,0.0454791916062249,0.149017674811633,0,0.0108654320118302,0.000591507640307021,0.154397577635378
88,"Grenada",6,4.26006191950464,0.188226744186047,0,0,0.186046511627907,0,0,0,0.163517441860465,0,0.22093023255814,0,0.0065406976744186,0,0.234738372093023
242,"Virgin Islands, U.S.",7,4.225,0.221153846153846,0.033284023668639,0,0,0,0,0.000739644970414201,0.219674556213018,0.099112426035503,0.185650887573964,0,0.00443786982248521,0,0.23594674556213
111,"Jersey",6,4.21153846153846,0.237442922374429,0.221461187214612,0,0,0,0,0,0.226027397260274,0.0776255707762557,0.047945205479452,0,0.0114155251141553,0,0.178082191780822
197,"Singapore",6,4.20916334661355,0.230951254141032,0.0118315191670611,0,0,0,0,0,0.214860388073829,0.107430194036914,0.176999526739233,0,0.0189304306672977,0.00141978230004733,0.237576904874586
184,"Saint Lucia",7,4.17324185248714,0.168516235100699,0.0082203041512536,0,0.163173037402384,0,0,0.00082203041512536,0.151253596383066,0.0723386765310316,0.195232223592273,0,0.00493218249075216,0,0.235511713933416
15,"Austria",7,4.1360293675152,0.181310782733193,0.0989227160824346,0.136196972430611,0.13759086491174,0,0.00011349020201256,0.000323010574958823,0.129172219926551,0.0552580883593973,0.155149836166708,0,0.00119019211854197,0.00011058019683275,0.104661246297018
10,"Antigua and Barbuda",6,4.08883248730965,0.191185599006828,0.0825574177529485,0,0.168839230291744,0,0,0,0.170701427684668,0.0720049658597145,0.135940409683426,0,0.00558659217877095,0,0.173184357541899
101,"India",7,4.05255172545245,0.176175320253986,0.193444005936863,0.00904482638658621,0.219903321385295,0,0.000465551756828811,8.944175021749e-05,0.0737972044318583,0.0723043659645999,0.0273923002960122,1.81078390010869e-05,0.00925145956237351,0.000529830665836998,0.217584263770541
108,"Italy",7,4.03571129993947,0.202326431211764,0.154036991217465,0.022143190366142,0.0866321353433425,0,0.000140036641540171,0.000420938543801224,0.129610955008464,0.0799269489330285,0.0899722992607888,4.14309590355536e-06,0.00286205065017604,0.000198868603370657,0.231725011124213
173,"Poland",7,3.96236503756736,0.186650656401899,0.213798779244392,0.000391590711338338,0.136360497433943,9.74914634037357e-06,0.000944042337292841,0.000199857499977658,0.129571841865597,0.0766486009568787,0.11553388356432,0,0.00255021419686939,4.46835873933789e-05,0.137295603053758
124,"Liechtenstein",5,3.88524590163934,0.221518987341772,0.0864978902953586,0,0.227848101265823,0,0,0,0.0527426160337553,0.0928270042194093,0.109704641350211,0,0,0,0.208860759493671
183,"Saint Kitts and Nevis",6,3.85655737704918,0.196599362380446,0.0414452709883103,0,0.0818278427205101,0,0,0,0.159404888416578,0.0956429330499469,0.161530286928799,0,0.00425079702444208,0,0.259298618490967
105,"Ireland",7,3.84364768709166,0.229932575422019,0.130900597016055,0.0663002040530462,0.23056479914593,0,0.000238503560517439,0.000601937557496394,0.113785127220828,0.0629838688306133,0.080792134682582,0,0.0031119035991323,3.78577080186411e-05,0.0807504912037616
81,"Gambia",6,3.82262845849802,0.165464650381285,0.209564430657878,0,0.24575416828228,0,0,0,0.10849166343544,0.0130800051699625,0.125113092930076,0.0123562104174745,0.013726250484684,0,0.10644952824092
38,"Burundi",7,3.81575464206028,0.230594648166501,0.1999603567889,0.00164519326065411,0.21181367690783,0,0,9.91080277502477e-06,0.143567888999009,0.0203766105054509,0.160822596630327,0.000287413280475718,0.00111000991080277,2.97324083250743e-05,0.0297819623389494
233,"United Kingdom",7,3.77246616647381,0.209054188361948,0.177716234520124,0.0377673796791444,0.191432636152547,1.09942302279764e-06,0.000472751899802983,0.00270238179003659,0.126616151843513,0.0658015673374613,0.0713635484097945,0,0.0023274785392626,0.000304540177314945,0.114440041866029
212,"Swaziland",6,3.77013868397757,0.192909133599437,0.109399702590592,0.000234796900680911,0.265195272755733,0,0,0,0.0452688424512796,0.0515613993895281,0.145433200281756,0.000735696955466854,0.00205055959927996,0.00020349064725679,0.18700790482899
110,"Japan",7,3.76935335680427,0.163704632048359,0.111791550993085,0.071406641083661,0.100320183035692,0,0.00018407109170695,0.000332909826016867,0.139764604710926,0.0715633891226927,0.119351408251706,0,0.00153871928223779,0.000466648978585198,0.219575241575332
219,"Thailand",7,3.76552283430715,0.173136972730212,0.173766990099801,0.00572464712021344,0.105350425106036,0,0.000126626225848253,8.4071510604168e-05,0.102814267869477,0.0491060655519061,0.155033055153506,0.00155584190611911,0.0155449261026991,0.000131815825268263,0.217624294798309
187,"Saint-Barthélemy",4,3.72222222222222,0.26865671641791,0,0,0,0,0,0,0.26865671641791,0.164179104477612,0.0298507462686567,0,0,0,0.26865671641791
8,"Anguilla",6,3.68421052631579,0.271428571428571,0.0238095238095238,0,0,0,0,0,0.242857142857143,0.133333333333333,0.0761904761904762,0,0.00952380952380952,0,0.242857142857143
120,"Lebanon",7,3.67447995941147,0.211062631171987,0.135535181707721,0,0.0774328951728709,0,0.0011874516734784,2.76151551971722e-05,0.1562465481056,0.0881751905445708,0.0584612835524136,0,0.00102176074229537,2.76151551971722e-05,0.270821827018668
200,"Slovenia",7,3.6028578719061,0.21548769086943,0.0973257032777132,0.00330037678121193,0.175897334202102,0,0.000141647072155019,0.000113317657724015,0.123530411626392,0.0742797246380917,0.158843026714638,0,0.00225218844726479,0.000141647072155019,0.148686931641123
136,"Mauritius",6,3.57090909090909,0.224469013674716,0,0,0.0142566191446029,0,0,0.000872854233343032,0.264329356997381,0,0.220832121035787,0,0,0,0.275240034914169
207,"Spain",7,3.56539288013071,0.164268859539977,0.170663505634754,0.0768401827295674,0.0896733575669238,0,0.000321065448469551,0.000788221230758292,0.0930600981193786,0.0592182445163355,0.0998696852003271,1.66642966333677e-06,0.00375168864872551,0.000236633012193821,0.241306791922927
241,"Vietnam",7,3.55209229867506,0.156466897792723,0.144337990592845,0.0264133312027124,0.121533977614585,0,0.000514128101269341,7.38190685944154e-05,0.128093453203921,0.0389590990252409,0.197388715582945,0.00118978969381587,0.0268380079620379,0.000359542287036329,0.157831247872274
64,"Dominican Republic",7,3.51088316237178,0.149219696429844,0.102318344853797,0.00035036461673674,0.243729067198746,0,0.00046913228342716,9.50141333523362e-05,0.0429048195919143,0.0408917076415117,0.235712249697142,0.000130644433359462,0.00591462980118292,8.31373666832941e-05,0.178181191952303
166,"Palestine",7,3.47060816533966,0.190559867232879,0.186557329037927,0,0.0257236296187827,0,0,9.76228828037292e-05,0.220530092253624,0.0825889588519549,0.0048323326987846,4.88114414018646e-05,0.000927417386635428,0,0.288133938595207
53,"Costa Rica",7,3.41520893116868,0.149908781703394,0.0510534706115942,0.00784995309595474,0.226250151071311,0,2.87754878883972e-05,0.00010359175639823,0.0791325916930922,0.0540633866447206,0.222762561939238,0.000241714098262536,0.00379836440126842,0.000120857049131268,0.204685800447747
34,"British Virgin Islands",5,3.41463414634146,0.273809523809524,0,0,0,0,0,0,0.235714285714286,0.135714285714286,0.157142857142857,0,0.0119047619047619,0,0.185714285714286
92,"Guernsey",6,3.3968253968254,0.294392523364486,0.14018691588785,0,0,0,0,0,0.252336448598131,0.0747663551401869,0.0233644859813084,0,0.0327102803738318,0,0.182242990654206
96,"Haiti",6,3.39548979745501,0.235367165238217,0.0605825414952712,0,0.280016853122817,0,0,0,0.162676985508532,0.0218314465966671,0.188211684092648,0.000121963388808196,0.00430198135068909,3.32627424022353e-05,0.0468561164639487
58,"Cyprus",7,3.3688927943761,0.150816422348584,0.189368250821639,0.00652094527622724,0.0513850487766707,0,0.00286921592153999,0.000521675622098179,0.173457144347645,0.0889978611299494,0.0582711669883666,0,0.00370389691689707,0.000469508059888361,0.273618863790495
214,"Switzerland",7,3.36467082091574,0.227371549458674,0.0920437160069981,0.000490450848772775,0.189079782444788,0,0,8.78419430637806e-05,0.140627630683191,0.0779670446310273,0.111859394329803,0,0.00150063319400625,0.000439209715318903,0.158532746744358
24,"Benin",6,3.3624121423793,0.208399114250795,0.223331274853559,0.000852675722255095,0.198004222036758,0,0,0,0.0483312102569138,0.0186580951224365,0.211721965701765,0.00431247206195077,0.00141595847210846,1.03354633000618e-05,0.0849626760581576
3,"Albania",7,3.35440244857285,0.172495013368417,0.119180494843611,0.000891227772354963,0.130002546365064,0,0.000583541993803845,2.12197088655944e-05,0.210987565250605,0.0528689046386284,0.0925497602172898,0,0.00741628824852523,0.000328905487416713,0.21267453210542
63,"Dominica",6,3.34801136363636,0.134068731438269,0,0,0.267713194739075,0,0,0,0.166313109885448,0.0453966907085278,0.285956724649979,0,0.00339414509970301,0,0.0971574034789987
93,"Guinea",7,3.33877005457222,0.134930420131743,0.0398911479081831,5.40330780679736e-05,0.262577426944822,0,0.000631204593794055,0,0.108789462567357,0.012786191110085,0.251316442265656,0.0138484323039213,0.00371845819067782,4.91209800617942e-06,0.171451868807686
226,"Turkey",7,3.21205449185256,0.0919142465902437,0.197917833113108,0.00185804920031098,0.193636241477609,0,0.000717064618200084,0.000154770779276873,0.109259771755093,0.0748718641920405,0.0454586174130324,0.000553095575555335,0.00484028615397413,0.000145172591414741,0.278672986540141
216,"Taiwan",7,3.20781472883395,0.180287560271691,0.0983267793772724,0.0373357514670108,0.0460637027090654,0,0,0.000174384640200891,0.182136037457821,0.0846550235855226,0.129803206933533,0,0.0080827280733113,0.000200542336231025,0.23293428314834
220,"Timor-Leste",6,3.20225025571088,0.141649453802091,0.108792402206086,0,0.205447073103213,0,0,0,0.201550222525074,0.0374353186686825,0.19037073316156,0,0.00643086816720257,2.12942654543132e-05,0.108302634100637
18,"Bahrain",6,3.18015267175573,0.268362938070091,0.0211233797407585,0,0.107537205952952,0,0,0.000480076812289966,0.164666346615458,0.110897743638982,0,0,0.0124819971195391,0,0.314450312049928
99,"Hungary",7,3.16835506193193,0.171469553191198,0.289456928069671,0.0616912459433923,0.0334627339823906,0,0.00117419107477851,6.50426542880226e-05,0.123539963576114,0.0832066713223514,0.0993440961809692,6.8465951882129e-06,0.00618247545495625,3.7656273535171e-05,0.130362595681168
194,"Serbia",7,3.15272982164646,0.193498847167325,0.20215744400527,0.00953969038208169,0.0803071475625824,0,0.00126399868247694,0.000107048748353096,0.0684412055335969,0.0761034255599473,0.0755393610013175,0,0.00378376152832675,0.000135869565217391,0.289122200263505
221,"Togo",7,3.11247454720823,0.2570428395168,0.243539640182491,5.73871624917506e-05,0.08375656365671,0,0,5.73871624917506e-06,0.0287739232733638,0.0330951766089926,0.20793090585636,0.0244297150727382,0.00381624630570141,1.72161487475252e-05,0.117534647499354
91,"Guatemala",7,3.10260006967747,0.17081790593151,0.0377438218980949,0.00709783607603727,0.228717572906478,2.95496922399553e-06,0.000156613368871763,2.95496922399553e-05,0.097880400575628,0.0411272616595698,0.256113092582141,0.00111402339744632,0.00461270695865702,5.90993844799106e-05,0.154527160599622
21,"Belarus",7,3.08765321725706,0.137096710394117,0.247412665085496,0.00262965945751803,0.245752910109,0,0.000123413620749943,1.26578072564045e-05,0.102398496252498,0.0602938826399756,0.152156336577424,1.26578072564045e-05,0.00292711792804353,2.21511626987078e-05,0.0491613411579679
156,"Nigeria",7,3.08602396419553,0.216539030568896,0.235202982185333,0.000317769174893813,0.243365232561081,1.99496342982663e-05,0,1.06873040883569e-06,0.0285425830287749,0.0217568574196074,0.140262316316414,0.00783094394900873,0.00516909274406864,3.38431296131303e-05,0.100958330557603
43,"Cayman Islands",7,3.06439393939394,0.241038318912237,0.00988875154511743,0,0,0,0,0.00123609394313968,0.243510506798517,0,0.175525339925834,0,0.0148331273176761,0,0.313967861557478
55,"Croatia",7,3.05581490126338,0.202529113294819,0.154771791778563,0.00746852248134385,0.0687443546578241,0,0.000103055910862699,0.000187925484514334,0.148812735285738,0.0880885553379931,0.0953934007844374,0,0.00457689486478458,9.09316860553228e-05,0.229232718433065
98,"Honduras",7,3.03871054398925,0.173022973466766,0.0229616794558978,0.0115044143475135,0.247023704279972,0,0.000103138960595023,5.59897214658698e-05,0.0372125369826844,0.0396760847271827,0.275696335325389,0.000259320815210345,0.0056284404210427,3.83087567924373e-05,0.186817072739489
86,"Greece",7,3.0329797671562,0.208070341672652,0.158681399293934,0.000914421367403807,0.0385738083230174,0,0.00169384459421597,0.00278911252731802,0.127642015496768,0.0796845628352666,0.0933473935170327,1.01885389125772e-05,0.00380287214911946,8.40554460287623e-05,0.28470598423833
171,"Philippines",7,3.03148760416775,0.182939052809277,0.149301350508276,0.0751839517046497,0.107343388748211,0,0.000673189841829058,0.000126151418400675,0.0684772835700393,0.0431965393225439,0.244369059415024,0.000184639803295534,0.00689704209328783,2.75239458328746e-05,0.121280826819333
56,"Cuba",7,3.02539240716333,0.0816948264411448,0.165016481541283,0,0.20888601841302,0,0.000837786294425522,6.70229035540418e-05,0.121680081402363,0.0534690445580449,0.188407474881644,0.000338161013386302,0.00902981300609908,0.00083473979880943,0.169738549746227
125,"Lithuania",7,3.01071590358811,0.235403684814021,0.277305343551057,0.000249044034098279,0.076062198747516,0,0,0.00010376834754095,0.109221374204226,0.0637293306422742,0.175010506545189,0,0.00256307818426145,6.74494259016172e-05,0.0602842215039147
199,"Slovakia",7,2.98149612854883,0.182186913147588,0.19821561961143,0.000418868635814665,0.0750612595379879,0,0.000453774355465887,2.79245757209776e-05,0.151197615241233,0.0861054292356346,0.159330647919968,0,0.00273660842065581,0.000132641734674644,0.144132697583826
2,"Åland",7,2.97426900584795,0.237514746362564,0.232009437672041,0.00157294534014943,0,0,0,0.000393236335037357,0.141171844278411,0,0.301612268973653,0,0.00629178136059772,0,0.0794337396775462
84,"Ghana",7,2.9736649444642,0.206498220340175,0.165803801297112,0.000686540707080654,0.112139671642211,0,0.00571460727901971,1.26616114010776e-05,0.0332761216077433,0.0359505353047931,0.227937142133622,0.0339063884863747,0.00823989533067908,1.8288994246001e-05,0.169816125265542
230,"Uganda",7,2.95341789992953,0.218038242522665,0.220679820282882,4.77224462525949e-05,0.243485535186181,0,1.12288108829635e-05,9.82520952259307e-06,0.0259020595042761,0.0202946720695962,0.179165502847205,0.0128920784950025,0.00472031137492578,7.01800680185219e-06,0.074745983243807
107,"Israel",7,2.87269579863385,0.145453657106562,0.156430677024804,0,0.107962411035651,0,0.00573280565463103,0.000602596048924285,0.187130502760541,0.0707480334196511,0.0271168222015928,6.51455188026254e-05,0.00345271249653914,9.7718278203938e-05,0.295206918454097
70,"Estonia",7,2.86883297452458,0.219156237541723,0.21765538158481,0.000132888287851665,0.018416753304619,0,0.00266558271514223,0.000171973078396273,0.113783642233461,0.0666395678785558,0.256599466883457,0,0.00177444949072518,7.8169581089215e-06,0.10299624004315
106,"Isle of Man",6,2.86476868327402,0.27888198757764,0.24223602484472,0,0,0,0,0,0.24223602484472,0.0559006211180124,0.093167701863354,0,0.00124223602484472,0.00062111801242236,0.0857142857142857
150,"Nepal",7,2.85551877670959,0.195050416441737,0.16176158710573,0.000322935143055448,0.277442257268451,0,0,4.81992750829028e-06,0.0839583172669083,0.0282375453073186,0.0815314837664842,0,0.00391619110048585,2.40996375414514e-05,0.167750347034781
40,"Cambodia",7,2.83430578874168,0.125254638227992,0.23623976070849,0.01720200973588,0.150949150554241,0,1.17299759535493e-05,1.17299759535493e-05,0.0863326230181228,0.027293699047917,0.215481613262693,0.0278586928896796,0.0370862739731384,3.12799358761315e-05,0.0762467986940627
224,"Trinidad and Tobago",6,2.81724479682854,0.213325828466896,0.00816154225005277,0,0.0994160275803841,0,0,0,0.0506578484486034,0.0287764722437205,0.253641032857243,0,0.00084429747414339,0,0.345176950678956
36,"Bulgaria",7,2.80702686637065,0.146521768425916,0.235851084651246,0.0170855432240179,0.0231400822031206,0,0.00173903557322399,0.000198930268523777,0.0898619359765391,0.0758405605983309,0.105676892324179,8.02138179531359e-05,0.0031026704784273,0.000208555926678153,0.300692726531843
119,"Latvia",7,2.80532182103611,0.228037090302688,0.239542470858818,0.00017907207091254,0.0069950027700211,0,0,2.23840088640675e-05,0.124136117157902,0.0499443197779506,0.285558397081125,0,0.00329044930301792,2.79800110800844e-05,0.0622667166576198
16,"Azerbaijan",7,2.79592948869829,0.122304139655099,0.224732002881234,4.23710859709334e-06,0.271230032625736,0,0.000423710859709334,2.96597601796534e-05,0.04462099063599,0.0614889199610186,0.0197406889538579,0.000275412058811067,0.00914791746112453,5.08453031651201e-05,0.245951442735477
94,"Guinea-Bissau",7,2.79135752646447,0.13692475366445,0.0784937387397407,0,0.257067550434841,0,1.11212437999066e-05,0,0.130452189772904,0.00232433995418048,0.269267554883338,0.00710647478814031,0.015236104005872,0,0.103116172512734
236,"Uruguay",7,2.75488457715938,0.101410864249155,0.18544163556124,0.0298304626150696,0.356793076659759,0,4.3045400598946e-05,0.000155783354548566,0.129976611999008,0.0226398309340647,0.0945809940207889,4.91947435416526e-05,0.011148758755127,0.000657979694869603,0.067271762012229
37,"Burkina Faso",7,2.72796748086679,0.266848056109801,0.240120657570322,0,0.324380756595522,0,0.000352029882231225,2.68725100939866e-06,0.0350592202941196,0.0141631564450356,0.058590133757919,0.00211217929338735,0.00427407273044857,0.000167953188087416,0.053929096882117
186,"Saint Vincent and the Grenadines",6,2.72543352601156,0.201484623541888,0,0,0.16542948038176,0,0,0,0.144220572640509,0,0.215270413573701,0,0.0106044538706257,0,0.262990455991516
29,"Bosnia and Herzegovina",7,2.6486828824193,0.223522379137712,0.099058507061197,0.0108047522976911,0.0865949338713293,0,0.00124785175222297,0.000186804154524397,0.0546962564447433,0.0744377194948816,0.0967421355450945,7.47216618097586e-06,0.00310842113128596,0.000119554658895614,0.349473212284241
179,"Romania",7,2.60574221655509,0.186324147807903,0.237793320784385,0.0280377642863901,0.0760847934806367,0,0.000761745064968535,0.000128860514202386,0.0869286504226299,0.0845292350252665,0.094471068367843,0.000339278315874637,0.00588517386382543,0.000265876757151759,0.198450085308923
154,"Nicaragua",7,2.56680604093859,0.191946973657018,0.0293334630019086,0.000680760019936543,0.286998091440658,0,0.000173229112215995,2.43128578548765e-05,0.0717229306718858,0.0223465554758634,0.307964892233258,0.000164111790520417,0.00625448268316699,1.82346433911574e-05,0.0823719624123217
54,"Côte d'Ivoire",7,2.5632436139208,0.205166557829185,0.147729552842118,0.00241266552113697,0.0506294941063591,0,0.000134982798813611,0,0.0503437197124745,0.0277955120043486,0.352793961526254,0.00408961398567723,0.00200528500219499,5.95870012780804e-05,0.15683906767016
247,"Zimbabwe",7,2.56287488134637,0.233516486266533,0.255681027605074,0,0.255165503316873,0,0.0010500679190737,0,0.0622883472491524,0.0194247549758104,0.129608812161969,0.000359365474687758,0.00425032257806189,0.00107309133388656,0.0375822211188779
196,"Sierra Leone",7,2.54423154751106,0.188989205318355,0.00837026635657554,0.00118478213173022,0.1182807494844,0,0.00259993856685243,0,0.167888016148142,0.0152047040238712,0.365763087454474,0.0182269954802756,0.00480494975646145,1.0970204923428e-05,0.108676335073939
160,"North Macedonia",7,2.52672924304073,0.163629406418903,0.151257154700977,0.000366703337000367,0.131901595956697,0,0.00231182538543709,9.56617400870522e-05,0.0557389072240557,0.0735319908802474,0.113678034470114,6.37744933913681e-05,0.00216833277530652,0.000223210726869788,0.305033401890914
128,"Malawi",7,2.50599489687071,0.249526663488388,0.227538650139617,0.00471633862289723,0.205983109718722,0,4.7674181025676e-05,3.40529864469114e-06,0.0445106585847579,0.0231662466798338,0.177725941565075,0.00166859633589866,0.00221003882040455,8.17271674725874e-05,0.0628209493972622
51,"Comoros",5,2.46503957783641,0.178217821782178,0,0,0.314958522879315,0,0,0,0.077067166176077,0.0147176879850147,0.319507626438319,0,0,0,0.0955311747390955
193,"Senegal",7,2.42644615423941,0.178140637345273,0.173480115880959,0,0.310078483012905,0,0.000309718198577825,1.68554121675007e-05,0.130233342112194,0.0157808796418225,0.0583218330260732,0.0141480115880959,0.011611272056887,2.10692652093758e-06,0.107876744798525
65,"Ecuador",7,2.42009366022589,0.134696001430964,0.0270614826739516,0.00400507341821552,0.171844154999431,4.87828674569491e-06,7.15482056035254e-05,1.30087646551864e-05,0.102055384815519,0.0446444542010179,0.217316291851635,0,0.00822966973998732,5.8539440948339e-05,0.289999512171325
12,"Armenia",7,2.41924925134062,0.101891300593011,0.221069146179976,1.43934596119523e-05,0.303529276296851,0,0.00257642927053947,5.75738384478093e-05,0.0709165755080891,0.0622948932005297,0.0203235649720767,0,0.00274915078588289,8.6360757671714e-05,0.214491335137314
140,"Moldova",7,2.40318634945875,0.223708152540432,0.409077606280777,0.00178141979157388,0.00978508442657369,0,0,2.54488541653412e-05,0.110422578223415,0.109239206504727,0.0568400157782896,0.000101795416661365,0.00773645166626372,0.000127244270826706,0.071154996246294
90,"Guam",4,2.38269230769231,0.297820823244552,0,0,0,0,0,0.000807102502017756,0.142050040355125,0.139628732849072,0,0,0,0,0.419693301049233
169,"Paraguay",6,2.37260916049265,0.0905060606124564,0.0818335700732592,0,0.390723242232433,0,0,0,0.0378896447212625,0.0256861060749646,0.271842160250065,0.00227312541024954,0.00968347203549199,5.27652137940932e-06,0.0895573420684386
231,"Ukraine",7,2.28912831902795,0.158290439268539,0.378262223366918,0.00116400204507625,0.0260893298531159,0,0.00325751430976755,2.84465493182439e-05,0.156593641042989,0.10129431799398,0.0878006588835883,0.000236029476775699,0.00544405447898607,5.9968401265487e-05,0.0814793743296801
25,"Bermuda",3,2.28301886792453,0.43801652892562,0,0,0,0,0,0,0.12396694214876,0,0,0,0,0,0.43801652892562
218,"Tanzania",7,2.27175933875608,0.209640010171445,0.202643642497043,8.8650207278182e-06,0.273738309253915,0,0.000104047348542287,2.33290019153111e-06,0.0183216649442087,0.0140552570739366,0.229764540383669,0.00357400309342565,0.004830036556546,1.53971412641053e-05,0.0433018936150855
147,"Myanmar",7,2.26349898544826,0.0827764809065798,0.18753693408953,0.009690435508066,0.2367886260385,0,6.55120502062961e-05,2.00547092468253e-06,0.0481092420122093,0.0226330763656588,0.250106289959008,0.00141252002128473,0.0176334373504253,5.34792246582009e-05,0.143191961002949
121,"Lesotho",7,2.25199089874858,0.308990683921965,0.235754721186277,0,0.306851106191403,0,0.000579468968693818,4.45745360533706e-05,0.0492102878029211,0.0285128448954727,0.00643359137036982,7.42908934222843e-05,0.00312021752373594,0.000133723608160112,0.0602944891015259
167,"Panama",7,2.2408696004648,0.151885148538731,0.0440099126313695,0.000699431410499913,0.241394280339345,0,0.000271331150624966,7.83845546249902e-05,0.0593974036623676,0.0405187851599949,0.300441968296462,0.000313538218499961,0.00595722615149926,7.83845546249902e-05,0.154954205331356
149,"Nauru",3,2.23809523809524,0.446808510638298,0,0,0,0,0.106382978723404,0,0,0,0,0,0,0,0.446808510638298
234,"United States",7,2.23321422244755,0.18174255208079,0.173364203047871,0.0125970150952145,0.123503197367192,0.000109573894576732,0.00119388605168417,0.000261346303291626,0.0697649542762504,0.0595087239501223,0.130900691723733,0.000183350173227271,0.0147107813410498,0.00021635035956453,0.231943374335433
127,"Madagascar",7,2.17021891005993,0.213430040330895,0.110294844290684,0,0.334783782669154,0,5.83603541773174e-05,7.78138055697566e-07,0.052441057987626,0.00235853644681932,0.242387669935625,0.00296704040637482,0.0105406581024792,1.7897175281044e-05,0.0307193341628285
143,"Montenegro",7,2.14217864256167,0.100736661421828,0.0329709626662852,0,0.0974109569446431,0,0.00171649263338578,0.000143041052782148,0.0890072950936919,0.0752753540266056,0.179337719925619,0,0.00511371763696181,0.000178801315977686,0.41810899728222
144,"Montserrat",4,2.1195652173913,0.138461538461538,0,0,0,0,0,0,0.251282051282051,0.0564102564102564,0.323076923076923,0,0,0,0.230769230769231
138,"México",7,2.09704458880035,0.138832214719293,0.101524279214255,0.00378071557172171,0.259430459940747,1.46255921536623e-05,0.000452662077155849,3.60764606457004e-05,0.114802854330565,0.04993591553038,0.131216425125012,0.00037075876109534,0.00767892340041117,0.000245709948181527,0.191678379328383
164,"Pakistan",7,2.07326260063054,0.192028468169153,0.188070481497635,8.94491653726169e-05,0.277393529102925,9.4449429275434e-06,5.94475819557143e-05,3.38906775635381e-05,0.0492692669890911,0.0547017759270628,0.00210066642406127,6.27810912242591e-05,0.0203321841986105,3.9446526344446e-05,0.215809167706073
129,"Malaysia",7,2.06476832702294,0.131434061374365,0.0186541304406021,0.0951951076594517,0.0255637286250108,0,0.000581500837301717,1.93337874294689e-05,0.0508686819413502,0.0652559942177103,0.396704035407601,3.42059316059834e-05,0.00940216954839247,7.28735064649211e-05,0.206214176722715
153,"New Zealand",7,2.06174330439036,0.137370153702427,0.0677276805243529,0,0.326838238020034,0,0.000887885460921918,7.97057929428862e-05,0.155344736822593,0.0384589719064884,0.170577811390143,9.26811545847514e-06,0.00554233304416813,0.000103802893134922,0.097059412327335
6,"Andorra",6,2.04086538461538,0.248527679623086,0.00706713780918728,0.00588928150765607,0.0471142520612485,0,0,0,0.03886925795053,0.0777385159010601,0.0789163722025913,0,0.00471142520612485,0.00117785630153121,0.489988221436985
176,"Qatar",6,2.03797009515179,0.220196540530926,0.0446440482013429,0,0.0122726666370225,4.4466183467473e-05,0,0,0.134154475521366,0.0893325625861532,0,4.4466183467473e-05,0.00862643959268976,0,0.490684334563564
39,"Cabo Verde",7,2.03587931503126,0.295193591455274,0,0,0.114552736982644,0,0,0.00013351134846462,0.202937249666222,0,0.0842456608811749,0,0.00734312416555407,0,0.295594125500668
75,"Finland",7,2.01121518550056,0.173482256263758,0.168097285064464,1.50670710668541e-06,0.00791171901720509,0,0.000649390762981412,0.000322435320830678,0.106164089444161,0.0527498158050562,0.367803778520082,0,0.00540907851300062,6.93085269075289e-05,0.117339336054446
82,"Georgia",7,1.97584330160948,0.183574416686307,0.120256893707283,0.000154666509545133,0.237582488805091,0,0.000898538769738393,4.41904312986095e-05,0.0567331487155315,0.0672283761489512,0.0438810982795192,0.000147301437662032,0.00457370963940608,7.36507188310158e-05,0.284851520150837
102,"Indonesia",7,1.93340285663606,0.13033893978312,0.0838700164005356,0.0477148319104476,0.0800629966830284,1.38588267837904e-06,0.00246770269712172,1.24729441054113e-05,0.0910735573862142,0.0425751474094111,0.326591845632626,1.66305921405485e-05,0.0126677992099914,2.05110636400098e-05,0.182586162404939
118,"Laos",7,1.89432197551799,0.114946628342576,0.144603506514396,2.79737885601192e-05,0.149000053616428,0,0.00022612145752763,4.66229809335319e-06,0.0649667927818301,0.0295659633589993,0.412151813750516,0.00088350548869043,0.0111778596788143,5.82787261669149e-05,0.0723868401974017
71,"Ethiopia",7,1.84457064386808,0.26314629159376,0.213340166463898,0,0.326261651584308,0,1.05666967497321e-05,6.24395717029625e-06,0.0348931538852063,0.0182141033701519,0.0812833541385188,0.00411284655763437,0.00446298846356867,1.44091319314529e-05,0.0542542241571018
32,"Brazil",7,1.83177435578574,0.139477473177039,0.0978227396927611,0.0060599934022998,0.29828288534376,1.21870798865011e-06,0.0003237273273009,8.28721432282074e-05,0.038176412599619,0.0326445687540847,0.271604533619375,0.000557526833544565,0.00821742725483909,0.000340532669039128,0.106408088475121
203,"South Africa",7,1.82332894957863,0.192352839137559,0.135046993148536,0.00989206450783699,0.253015659589308,0,0.00370300797494897,5.21297239191845e-05,0.129196779821123,0.0541259328299519,0.0736718829346159,0.00104034750752511,0.00413532516814083,0.000636791541323142,0.143130246115212
23,"Belize",6,1.79087330648114,0.111943159455108,0.0875610192450226,0,0.080430393334526,0,0,0,0.200679837452399,0.0370076928974877,0.32374063945613,0.000127788994811767,0.0154624683722238,2.55577989623534e-05,0.143021442993329
225,"Tunisia",7,1.77357423347983,0.274137912073813,0.172157318445584,0,0.0752354314746863,0,0.000652499844206498,2.56601062328398e-05,0.0574896351499467,0.0670498575864104,0.0187831977624387,6.96488597748509e-05,0.011986935340198,0.000227275226633724,0.322184628130075
195,"Seychelles",4,1.76706827309237,0.395454545454545,0,0,0,0,0,0,0.138636363636364,0,0.00454545454545455,0,0,0,0.461363636363636
213,"Sweden",7,1.74606502926091,0.14990630936544,0.117223289110664,1.16466258430863e-05,0.0256678692886241,0,0.000613388961069212,0.0003688098183644,0.119529321027595,0.0753808446650689,0.365842516913489,0,0.0101455051788663,0.000134583231964553,0.135175915813012
50,"Colombia",7,1.6905990485818,0.132812959423221,0.0233351218042358,0.00331083953877226,0.24804755701987,0,0.000508439206127083,1.24898064964688e-05,0.16145156531102,0.0311448937247569,0.256955391094872,0.00225388966400859,0.012629276002346,7.18163873546954e-05,0.12746576101692
159,"North Korea",7,1.68672484692658,0.162083066655592,0.338417717499108,0.00173930886900952,0.00343953214545703,0,0.00148525251735645,0,0.162630264951461,0.0531466344861955,0.227395091826714,0,0.00962482716839539,0.000654683675413697,0.0393836202052971
246,"Zambia",7,1.67895158201587,0.211968243734015,0.175142634680168,0,0.120904624270589,0,0.00067248004144188,4.75250912679774e-06,0.0306798226680428,0.018938748870289,0.325158753606956,0.0125711787252345,0.0171034882624906,8.71293339912918e-05,0.0867681432976552
47,"China",7,1.65537809519653,0.177032852299007,0.22218110101579,0.0290507788246928,0.124560323746356,3.22266508085763e-07,0.00300455510818519,0.000289330870959398,0.0745224542089907,0.0603292571131792,0.107682904451396,3.65450220169256e-05,0.0142822071053449,0.00058923208338401,0.186438135884189
114,"Kenya",7,1.6474594474799,0.210388306816712,0.151848919932738,0.00204061570301384,0.361495278747898,0,4.03570042685293e-05,2.27654895873755e-05,0.0873801578062346,0.0234660457896779,0.103639891346527,0.000338377958866899,0.00360212132971155,6.10529038934161e-05,0.0556761091708705
223,"Tonga",3,1.64656964656965,0.295454545454545,0,0,0,0,0,0,0.151515151515152,0.103535353535354,0,0,0,0,0.44949494949495
146,"Mozambique",7,1.64383462411452,0.252273920327553,0.19200353158285,0,0.039935182157157,0,0.000128336854865706,7.73113583528351e-07,0.044842907185395,0.0155565915277575,0.377525278881397,0.00733684790768405,0.0109836246811873,1.93278395882088e-05,0.059393677940982
116,"Kuwait",6,1.62418319891682,0.184160927872418,0.025770206596593,0,0.00337078651685393,0.000289960130482059,0,7.24900326205147e-05,0.0537151141718014,0.108372598767669,0,0,0.0109459949256977,0,0.613301920985864
5,"American Samoa",4,1.60135135135135,0.392405063291139,0,0,0,0,0,0.00421940928270042,0.0548523206751055,0,0,0,0,0,0.548523206751055
104,"Iraq",7,1.55311171632041,0.129671537278993,0.246062683092271,0,0.095147258762511,3.99877963169759e-05,1.62913244254346e-05,0,0.127273750529468,0.0596558679869551,0.000620551357659736,0.00445937980408942,0.0195066394552181,1.92533834118773e-05,0.31752679922868
206,"South Sudan",6,1.54135657036287,0.0671246381022549,0.0275000778274721,0,0.536340240953853,0,0,0,0.0323118910000311,0.00299376342523893,0.0867475380576338,0.0876461859350193,0.00909232413585563,0,0.150243340562641
41,"Cameroon",6,1.53280975620267,0.145004217036829,0.099024458813607,0.00195529940961484,0.207853528254147,0,0,0,0.0927256114703402,0.0224641551869553,0.324145347202699,0.0100885577734046,0.00689063817824009,1.40567894292944e-05,0.0898341298847343
215,"Syria",7,1.52489071185709,0.187161781933625,0.329279730451925,0.000350384183870294,0.105759395781941,0,0.000123873196317781,1.06177025415241e-05,0.0995126474533441,0.0692380382732784,0.0119909254035612,0.00299419211670979,0.00709262529773808,0.000134490898859305,0.186351297306289
11,"Argentina",7,1.51371095764548,0.103228156384309,0.189092403916954,0.00245338648885182,0.286484881323759,3.85161945143904e-05,0.000147645412305163,2.1397885841328e-05,0.146541519150038,0.0271158764467051,0.110832965012317,0.00099690372591876,0.0217908936779471,4.42222974054112e-05,0.111211232083134
62,"Djibouti",7,1.49848066298343,0.206255568869635,0,0,0.554859126801241,0,0,3.07247979844533e-05,0.161182290226442,0.0232279472762467,3.07247979844533e-05,0,0.0244262143976403,0,0.0299874028328264
217,"Tajikistan",7,1.49748549599754,0.126239657577437,0.145945197103166,0,0.242824795062389,0,0.000511149752546195,0,0.0392677660367263,0.047756673609386,0.00299046490741979,2.86626029465156e-05,0.0066879406875203,3.34397034376015e-05,0.387714252957025
228,"Turks and Caicos Islands",5,1.48753462603878,0.249534450651769,0,0,0,0,0,0,0.124767225325885,0,0.197392923649907,0,0.0800744878957169,0,0.348230912476722
238,"Vanuatu",5,1.46833737537052,0.141310332171041,0.00024469321588059,0.000122346607940295,0.540833180400073,0,0,0,0.0250198813237903,0,0.235456046981097,0,0,0,0.0570135193001774
145,"Morocco",7,1.45598437541648,0.111535132976068,0.261916253370169,0,0.196951036847186,0,0.00109343274639683,3.82784675298738e-05,0.055031122058383,0.0783244016909097,0.0252721099757015,0,0.00472323003694704,0.000104849715407915,0.265010152115301
240,"Venezuela",7,1.43600279635072,0.084243530440542,0.0286733072775581,0.00033727018699419,0.294501732897273,3.05221888682525e-06,0.000763817776428019,1.52610944341262e-06,0.0783970051628282,0.0341260963188714,0.264701393795755,0.00550238759822422,0.017763913921323,0.000154900108506381,0.190830066187367
165,"Palau",4,1.42857142857143,0.210204081632653,0,0,0,0,0,0,0.036734693877551,0,0.544897959183673,0,0,0,0.208163265306122
35,"Brunei",6,1.42298052824369,0.162579596260669,0.000948380978187238,0.000270965993767782,0,0,0,0,0.0674705324481778,0.0911800569028587,0.302262566047961,0,0.0123289527164341,0.000135482996883891,0.36282346565506
161,"Northern Mariana Islands",3,1.40586797066015,0.281739130434783,0,0,0,0,0,0,0.241739130434783,0.0347826086956522,0,0,0,0,0.441739130434783
122,"Liberia",7,1.38807631327502,0.203080204842699,0.000363088979493037,0.011391916731594,0.000196673197225395,0,0.00034796027201416,0,0.180765361311356,0.0239109221703644,0.559837820255827,0.000302574149577531,0.000854771972556525,1.51287074788765e-05,0.018933577409814
152,"New Caledonia",7,1.3506770037126,0.189498362908768,0.00537612676341,0,0.155099236024092,0,0.0330247786895186,8.08440114798496e-05,0.0839565059218238,0.0627753749141032,0.331460447067383,0,0.00173814624681677,0,0.136990177452605
117,"Kyrgyzstan",7,1.3384384492058,0.128877697070822,0.13495495633405,0,0.160201605804778,0,0.000585529387452067,3.82698946047103e-06,0.0471446831635426,0.0491347176829875,0.00994251861830373,0,0.00416376453299248,5.74048419070654e-05,0.464933295573704
73,"Faroe Islands",3,1.33808553971487,0.0654490106544901,0,0,0,0,0,0,0.254946727549467,0.190258751902588,0,0,0,0,0.489345509893455
191,"São Tomé and Príncipe",5,1.3319587628866,0.263931888544892,0,0.00851393188854489,0,0,0,0,0.325077399380805,0.0998452012383901,0.0363777089783282,0,0,0,0.26625386996904
232,"United Arab Emirates",7,1.2681172941396,0.20764903623049,0.0142952541567158,0,0.0276850290319295,2.26369820375548e-05,0.00026032529343188,7.92294371314416e-05,0.0657264773460402,0.104492309085353,9.0547928150219e-05,0,0.00675713913821009,0,0.572942015370511
52,"Cook Islands",3,1.2520325203252,0.396103896103896,0,0,0,0,0,0,0.214285714285714,0,0,0,0,0,0.38961038961039
237,"Uzbekistan",7,1.25022494294268,0.169686817928024,0.191674461774964,0,0.296099907908953,0,0.00126715830233418,1.63153429485088e-05,0.0564655891289057,0.0597359089821401,0.00256150884291588,1.26897111821735e-05,0.0220239001646037,5.25716606118616e-05,0.200403170252416
103,"Iran",7,1.18004254353062,0.105433812012355,0.24298711184443,0,0.0520503313529531,2.4048967881035e-05,0.000442291887551209,1.62069131372192e-05,0.0604115301208095,0.104024333373066,0.00196835574069775,0.000367008162010577,0.00891484783276975,2.97998080264999e-05,0.423330321984312
26,"Bhutan",7,1.16533625502165,0.164801217765043,0.0466735315186247,0,0.269385744985673,0,6.71561604584527e-05,2.23853868194842e-05,0.0505909742120344,0.0474346346704871,0.247157055873926,6.71561604584527e-05,0.00382790114613181,0,0.169972242120344
162,"Norway",7,1.15312229918863,0.129556399514506,0.0723626438163849,5.59324783121815e-06,0.0140054925693703,0,0.000383137476438444,0.000508985552640852,0.126345875259387,0.122444584897112,0.239967111702752,0,0.0285507335544531,0.000383137476438444,0.265486304932685
74,"Fiji",7,1.1504115458338,0.245025972753112,0.132755072037636,0,0.0805645398412232,0,0.000539057140056846,4.90051945506224e-05,0.065666960697834,0,0.350681172204254,0,0.00862491424090953,0,0.116093305890424
68,"Equatorial Guinea",5,1.14146231552067,0.108369522305567,0,9.86971969996052e-05,0,0,0,0,0.0871496249506514,0.0797802342413476,0.563791288327412,0,0,0,0.160810632978023
7,"Angola",7,1.10854969006503,0.178259814577035,0.133437228736949,0,0.13182535750755,0,0.0005683434845594,1.08324679395057e-05,0.0470186881736892,0.0214793395949813,0.370133152695912,0.0445351643574252,0.0135615276957319,2.38314294669126e-05,0.0591467192787599
27,"Bolivia",7,1.07453724285006,0.104410429479383,0.0722680006167235,0,0.306805372346804,5.99592277251469e-06,0.000333201994072602,5.99592277251469e-06,0.0815522587497645,0.0267752214208624,0.334641872098402,0.000585030750518219,0.0205009165196238,6.85248316858822e-06,0.052108851695133
60,"Democratic Republic of the Congo",7,1.05576912372348,0.169318521018001,0.102850878616018,0.000641198266128509,0.00958877331187624,0,0.00043071003075805,0,0.0649990915343984,0.0184637522224962,0.485959339675288,0.0379961682218733,0.00315083449054547,1.41947750249828e-05,0.106586537837592
201,"Solomon Islands",7,1.02108327105377,0.157402057090027,0,0.00219577025309141,0,0,0.00050078970684541,0,0.0431834816441311,0,0.786470973458145,0,0.000886012558264956,3.85222851419546e-05,0.00932239300435302
44,"Central African Republic",6,1.00872126807851,0.0752604720901615,0.0344698466851116,1.92023657314581e-05,0.252242276248434,0,0,0,0.0379374738967841,0.00430773071242377,0.260803330970376,0.101114857350426,0.000867306852204192,1.60019714428818e-06,0.232975902631204
69,"Eritrea",7,1.00286557029891,0.223831070889894,0.123864588570471,0,0.558890564772918,0,0.000217864923747277,0,0.0569968158203452,0.0146053293112117,0.00052790346907994,0.000796044913691973,0.00633484162895928,1.67588402882521e-05,0.0139182168593933
17,"Bahamas",6,0.94223602484472,0.149543271494491,0.0121480365382804,0,0,0,0,0,0.100951125341369,0.0671437988511159,0.316508145776438,0.000753366607025144,0.139090309822017,0,0.213861945569263
170,"Peru",7,0.909375178855111,0.174187534498581,0.0529813152708899,0.000981481969733954,0.187461355210572,6.80403445222845e-06,0.0018464448494735,2.63656335023852e-05,0.154579157711565,0.0478059965656636,0.241049080052017,7.14423617483987e-05,0.0147392396321399,2.38141205827996e-05,0.124239968089078
131,"Mali",7,0.883393965503486,0.165336553180306,0.224233021071996,0,0.374415582421731,0,0.000318793749475074,9.03098440439303e-07,0.0465962671329063,0.0110665682891432,0.0744216331812817,0.00448478685522158,0.0193705584489826,4.51549220219652e-06,0.079750817078314
235,"United States Minor Outlying Isl",3,0.882352941176471,0.6,0,0,0,0,0,0,0,0,0.2,0,0,0,0.2
182,"Saint Helena, Ascension and Tris",3,0.877323420074349,0.326271186440678,0,0,0,0,0,0,0.220338983050847,0,0,0,0,0,0.453389830508475
209,"Sudan",7,0.872322628602371,0.180410147874136,0.238628068627421,0,0.449385580343507,0,9.93437757422245e-05,1.85112625606629e-06,0.0517636605404672,0.0121045145884175,0.0040329870698831,0.004970273997538,0.00715028368509874,4.93633668284345e-06,0.0514483520348505
46,"Chile",7,0.842067311723375,0.173547080885526,0.10188024826579,0.0165139898436722,0.104250058083574,0,0.00897972053503269,0.000268843970925022,0.14031829798533,0.0539413853762156,0.213428922300773,0.00017591025258057,0.0111769391616051,0.000134421985462511,0.175384181353513
45,"Chad",7,0.837363282035431,0.117376913334369,0.176676977838044,0,0.491899374267271,0,0,9.41659486513082e-07,0.0446054682166382,0.00473089726024172,0.090698758421967,0.0134327725751091,0.0117198939691418,0,0.0488580024577313
112,"Jordan",7,0.836823309336205,0.14813309488972,0.156559908957893,0,0.0293854657779223,0,0.0111228526526852,0.000379342112393649,0.140681731967702,0.0914214490868693,0.000352246247222674,2.70958651709749e-05,0.00673332249498726,6.77396629274373e-05,0.415135750284507
1,"Afghanistan",7,0.827811013839486,0.0983821064480063,0.327477794264878,0,0.247365573050317,0,0,7.54174829037994e-06,0.144624336090471,0.0261679811305458,0.00181001958969118,0.000164033025315764,0.00496435581214259,1.13126224355699e-05,0.149024946217908
133,"Marshall Islands",2,0.823529411764706,0.857142857142857,0,0,0,0,0,0,0,0,0,0,0,0,0.142857142857143
177,"Republic of the Congo",7,0.816984825662155,0.083315697155135,0.0327817693331372,5.0218270124075e-05,0.0360710660262642,0,6.45663473023821e-05,0,0.0737598777543824,0.0331261231854166,0.484617067755208,0.0215759210568794,0.00382017554872428,7.17403858915357e-06,0.230810343528838
202,"Somalia",6,0.795381604363261,0.194678654910476,0.102402557587214,0,0.35028930831082,0,0,0,0.317205611055032,4.55181979077694e-05,0.0259400177253218,0,0.0037271371463303,2.6775410533982e-06,0.00570851752584497
168,"Papua New Guinea",7,0.779552625280153,0.141975498173109,0.00364261609617623,0.00355608651841266,0,0,0.000789931306680362,2.79127670205075e-06,0.100818123201371,0.0213979271979211,0.652212505477881,0.000265171286694821,0.0324095137875113,5.5825534041015e-06,0.0429242531241364
227,"Turkmenistan",6,0.739968728165102,0.101527212010421,0.178849337152563,0,0.10118463287896,0,0,0,0.275744533847682,0.054147654484476,0.00135880126092151,0.00359852028845739,0.0370302131763419,1.15152649230636e-05,0.246547579635254
80,"Gabon",7,0.638926541488887,0.0519590884708803,0.00135608339008793,0.000898028556102676,0,0,0.000554487430613733,0,0.0727342860070275,0.0343239773624479,0.623689872769243,0.00480354871955593,0.000361622237356782,1.80811118678391e-05,0.209300923944816
163,"Oman",7,0.6201421202845,0.15454616608834,0.0169166949307313,0,0.0330506926869994,2.0871924652352e-05,0.00109055806308539,2.608990581544e-05,0.0986615878316679,0.0853348639411412,0.000266117039317488,0,0.00498838999191213,0,0.605097967596337
78,"French Polynesia",4,0.609333333333333,0.432530999270605,0,0,0,0,0,0,0.105762217359592,0,0,0,0.000729394602479942,0,0.460977388767323
155,"Niger",7,0.586750383877402,0.243247520422168,0.214396082166318,0,0.45824929000774,0,0.000164010370059188,2.87737491331908e-06,0.0564469023620371,0.00797176719735051,0.000651725417866772,0.000361110551621545,0.00742650465127655,5.75474982663816e-06,0.0110764547288218
180,"Russia",7,0.574057098700568,0.0807559345614513,0.197794930230578,1.7087783881166e-05,0.0115034961088009,9.21704706317437e-06,0.00327101608416137,1.08740442880147e-05,0.0763477005694167,0.0728965895993805,0.404991766277227,0.000924915138440565,0.0312348119375465,2.2265900208792e-05,0.120219394717555
189,"Samoa",4,0.563078061413245,0.575558475689882,0,0,0,0,0,0,0.193823915900131,0,0,0,0.00328515111695138,0,0.227332457293035
243,"Wallis and Futuna",3,0.558823529411765,0.447368421052632,0,0,0,0,0,0,0.105263157894737,0,0,0,0,0,0.447368421052632
185,"Saint Pierre and Miquelon",6,0.547619047619048,0.226086956521739,0.0782608695652174,0,0,0,0,0,0,0.260869565217391,0.0347826086956522,0,0.0347826086956522,0,0.365217391304348
100,"Iceland",6,0.539388257821304,0.128390496440788,0.138337801608579,0,0,0,0,9.24470740501063e-05,0.239807710085976,0.128131644633447,0,0,0.0942220578718684,0.000166404733290191,0.270851437552001
192,"Saudi Arabia",7,0.532175681517754,0.195218256041133,0.0701405114495693,0,0.00066687040550212,5.85830517278583e-06,0.00012692994541036,5.85830517278583e-06,0.0588583920709792,0.0885531646076351,4.10081362095008e-05,1.85512997138218e-05,0.00399536412783994,8.78745775917875e-06,0.582360447847903
42,"Canada",7,0.530915029754611,0.113720638752116,0.148293619838085,0,0.046594551136545,5.12280099466445e-05,0.00172684269349995,0.000118130261742635,0.0477657228415565,0.0429999887221918,0.376035001728945,0.00011526302237995,0.0987928348835222,5.96385787438548e-05,0.123726539530725
14,"Australia",7,0.527920869622421,0.117961527514861,0.22046838847251,0.00514098696528648,0.178398416781487,1.22890160283178e-06,0.00368350966432799,8.52857712365257e-05,0.140160406068414,0.0248410169996417,0.15891885169468,0.0107361759629796,0.0420171289221009,0.000139603222081691,0.0974474730587902
66,"Egypt",7,0.509079645135465,0.222137851517773,0.129021235440225,0,0.10825538479369,7.99301410567164e-06,0.00014387425390209,5.59510987397015e-05,0.0874175970202043,0.0727004597981364,0.00857450588185926,0.000105907436900149,0.0199585562218621,1.19895211585075e-05,0.351608694001443
229,"Tuvalu",1,0.5,1,0,0,0,0,0,0,0,0,0,0,0,0,0
245,"Yemen",7,0.475874007600931,0.168320603594061,0.184753117392355,0,0.268532456189255,0,0,4.64589024548884e-06,0.182588132537957,0.0400104067941499,0.000543569158722194,0,0.00258776086673728,9.29178049097768e-06,0.152650015796027
4,"Algeria",7,0.441698669205224,0.223765867695372,0.166274629721105,0,0.0592475634903833,1.568147782247e-05,0.000147993946949561,2.84226785532269e-05,0.0479245564101961,0.0589888191063126,0.0249962756490172,1.37212930946612e-05,0.00757905425007253,6.56661883815931e-05,0.41095174809274
113,"Kazakhstan",7,0.431474934517028,0.140004824331052,0.386565777700984,0,0.0355358172365479,8.55377846055938e-06,0.00397750698416011,3.16489803040697e-05,0.105845310048808,0.0854873173126765,0.025781088280126,0.00963839756935831,0.0706593423512968,9.32361852200972e-05,0.136371179241006
30,"Botswana",7,0.414159817769542,0.325438457496935,0.110738143091845,0,0.142895862695878,0,0.00128013743755681,0,0.216514189927362,0.0443127705176426,0.0282547598595602,0.0011675520603124,0.053377978300211,5.42077742287902e-05,0.0759659408384692
148,"Namibia",7,0.371026825935173,0.314846346668584,0.150568172533589,1.63408839110925e-05,0.218824044630222,0,0.00125497988437191,3.9218121386622e-05,0.128710606214111,0.0654942627156588,0.0321098368852968,0.00136282971818512,0.0329922446164958,0.00026145414257748,0.0535196629856102
95,"Guyana",7,0.317203636432796,0.0904321496559891,0.0504999025677154,0,0,0,0.0128310823977336,1.4989582240343e-05,0.063855620343861,0.0255572377197847,0.622742194175048,0.00130409365490984,0.0413562574011062,1.4989582240343e-05,0.091391482919371
210,"Suriname",7,0.309477928721807,0.100268120277427,0.0206740676726717,0,0,0,0.0598063329566354,2.2158700613796e-05,0.043010037891378,0.0339471293403355,0.563318487003922,0.00022158700613796,0.0441179729220679,8.8634802455184e-05,0.134525471426356
77,"French Guiana",7,0.274670299201967,0.0766293614219882,0.00263331138907176,0,0.00829493087557604,0,0.00693438665788896,0.00043888523151196,0.104323019530393,0.0423524248409041,0.595567259161729,0,0.0462146148782094,4.3888523151196e-05,0.116567917489576
123,"Libya",7,0.226505506152846,0.1351952747918,0.105640908173672,0,0.0138745725551792,3.5449969185796e-05,0,5.45384141319939e-06,0.25283463407451,0.0838582655693538,0.0026423861646951,8.18076211979908e-06,0.00485664577845405,1.90884449461979e-05,0.401029139874671
135,"Mauritania",7,0.182163227989083,0.298017753665256,0.016381503256246,0,0.379851384300356,0,0.00125077843805744,2.11101846085644e-05,0.220295331482674,0.0144235336338016,0.00107661941503678,0.000686080999778343,0.0313855669667831,1.05550923042822e-05,0.0365997825650985
142,"Mongolia",7,0.144397156381674,0.0867583766095184,0.108233442413033,6.22465675464182e-05,0.133296578217258,0,0.00799868392971473,5.33542007540727e-05,0.240414028597852,0.121683147186455,0.236799281496763,8.89236679234545e-05,0.0269216404638258,8.89236679234545e-06,0.0376814042825638
79,"French Southern Territories",3,0.0367316341829085,0.146938775510204,0,0,0,0,0,0,0.0693877551020408,0,0,0,0.783673469387755,0,0
87,"Greenland",4,0.0311566131445708,0.00173219897294397,0,0,0,0,1.53291944508316e-05,0,0,0,0,0,0.315904039242738,0,0.682348432589867
244,"Western Sahara",4,0.0255735492577598,0.252418645558487,0,0,0,0,0,0,0.342128408091469,0.148636763412489,0,0,0.155233069481091,0,0.101583113456464
