"variable","norm_diff","risk_ratio","evalue","n_treated","n_control"
"built",-0.033,0.97,1.208,5711528,5711528
"cropland",-0.082,0.928,1.365,5631411,5631411
"planted",0.001,1.001,1.029,2822338,2822338
"pasture",-0.058,0.949,1.293,5664190,5664190
"oil",0,1,1.016,3951605,3951605
"mining",-0.022,0.98,1.163,5635130,5635130
"renewables",-0.006,0.995,1.078,5336207,5336207
"roads",-0.026,0.976,1.182,5711528,5711528
"powerlines",-0.039,0.965,1.231,5711528,5711528
"fires",-0.001,0.999,1.034,5538157,5538157
"swu",-0.021,0.981,1.159,171487,171487
"dams",0.001,1.001,1.025,5673923,5673923
"light",-0.043,0.961,1.244,5711528,5711528
"def0120_parea",-0.239,0.804,1.794,2288997,2288997
"any_threat",-0.117,0.899,1.465,5711528,5711528
"threat_composite",-0.138,0.882,1.523,5711528,5711528
