"country_id","country_name","n_total","n_treat","n_control","mean_treat","mean_control","estimate","std_error","t_value","p_value","ci_lower","ci_upper","r_squared","status"
180,"Russia",95098,47549,47549,0.5825,0.8926,-0.3101,0.0027,-116.1112,0,-0.3153,-0.3048,0.1242,"estimated"
104,"Iceland",31324,15662,15662,0.347,0.5858,-0.2389,0.0055,-43.638,0,-0.2496,-0.2281,0.0573,"estimated"
239,"Norway",76894,38447,38447,0.7837,0.9819,-0.1982,0.0022,-89.7959,0,-0.2025,-0.1939,0.0949,"estimated"
214,"Tunisia",8188,4094,4094,0.5374,0.7279,-0.1905,0.0104,-18.2379,0,-0.211,-0.17,0.039,"estimated"
109,"Jordan",4414,2207,2207,0.4857,0.6674,-0.1817,0.0146,-12.4246,0,-0.2104,-0.153,0.0338,"estimated"
44,"Cameroon",53816,26908,26908,0.8609,0.9996,-0.1388,0.0021,-65.6689,0,-0.1429,-0.1346,0.0742,"estimated"
234,"Yemen",1802,901,901,0.8613,1,-0.1387,0.0115,-12.0405,0,-0.1613,-0.1162,0.0745,"estimated"
97,"Indonesia",50404,25202,25202,0.8761,0.9995,-0.1234,0.0021,-59.3041,0,-0.1274,-0.1193,0.0652,"estimated"
64,"Egypt",136464,68232,68232,0.1325,0.2477,-0.1152,0.0021,-54.8145,0,-0.1193,-0.1111,0.0215,"estimated"
37,"Botswana",2212,1106,1106,0.8888,1,-0.1112,0.0095,-11.7586,0,-0.1297,-0.0927,0.0589,"estimated"
39,"Canada",615316,307658,307658,0.6976,0.8076,-0.11,0.0011,-100.8418,0,-0.1122,-0.1079,0.0163,"estimated"
9,"United Arab Emirates",26468,13234,13234,0.789,0.898,-0.109,0.0044,-24.6739,0,-0.1176,-0.1003,0.0225,"estimated"
146,"Mozambique",100714,50357,50357,0.8847,0.989,-0.1044,0.0015,-69.7142,0,-0.1073,-0.1014,0.046,"estimated"
167,"Peru",364160,182080,182080,0.8811,0.9821,-0.101,8e-04,-123.1685,0,-0.1026,-0.0994,0.04,"estimated"
33,"Brazil",2571134,1285567,1285567,0.9067,0.9998,-0.093,3e-04,-362.2089,0,-0.0935,-0.0925,0.0485,"estimated"
70,"Finland",17862,8931,8931,0.9015,0.9834,-0.082,0.0034,-23.8886,0,-0.0887,-0.0752,0.031,"estimated"
240,"French Guiana",77642,38821,38821,0.7849,0.8611,-0.0761,0.0027,-27.933,0,-0.0815,-0.0708,0.0099,"estimated"
105,"Israel",2650,1325,1325,0.917,0.9834,-0.0664,0.0084,-7.9478,0,-0.0828,-0.05,0.0233,"estimated"
164,"Pakistan",7298,3649,3649,0.8235,0.8896,-0.066,0.0082,-8.0825,0,-0.0821,-0.05,0.0089,"estimated"
165,"Panama",7002,3501,3501,0.9317,0.9903,-0.0586,0.0046,-12.8018,0,-0.0675,-0.0496,0.0229,"estimated"
200,"Sweden",32334,16167,16167,0.9426,0.9968,-0.0542,0.0019,-28.8258,0,-0.0579,-0.0506,0.0251,"estimated"
147,"Mauritania",234,117,117,0.8291,0.8803,-0.0513,0.0462,-1.1112,0.2676,-0.1417,0.0392,0.0053,"estimated"
121,"Liberia",4636,2318,2318,0.7968,0.8438,-0.047,0.0113,-4.1767,0,-0.0691,-0.025,0.0038,"estimated"
16,"Australia",1869350,934675,934675,0.9512,0.9938,-0.0427,2e-04,-179.9088,0,-0.0431,-0.0422,0.017,"estimated"
42,"China",275744,137872,137872,0.9601,0.9994,-0.0393,5e-04,-74.0229,0,-0.0404,-0.0383,0.0195,"estimated"
162,"New Zealand",16882,8441,8441,0.9581,0.9957,-0.0377,0.0023,-16.4205,0,-0.0422,-0.0332,0.0157,"estimated"
144,"Mongolia",126104,63052,63052,0.9606,0.998,-0.0374,8e-04,-47.0479,0,-0.039,-0.0358,0.0173,"estimated"
142,"Myanmar",62218,31109,31109,0.9575,0.9917,-0.0342,0.0013,-27.2411,0,-0.0366,-0.0317,0.0118,"estimated"
132,"Morocco",236448,118224,118224,0.9204,0.9539,-0.0335,0.001,-33.6315,0,-0.0354,-0.0315,0.0048,"estimated"
152,"Namibia",373722,186861,186861,0.9685,1,-0.0315,4e-04,-78.0055,0,-0.0323,-0.0307,0.016,"estimated"
168,"Philippines",37392,18696,18696,0.9702,0.9991,-0.0289,0.0013,-22.895,0,-0.0314,-0.0265,0.0138,"estimated"
45,"Democratic Republic of Congo",195976,97988,97988,0.9215,0.9473,-0.0258,0.0011,-23.1015,0,-0.028,-0.0236,0.0027,"estimated"
209,"Tajikistan",9070,4535,4535,0.9777,1,-0.0223,0.0022,-10.1626,0,-0.0266,-0.018,0.0113,"estimated"
236,"Zambia",38728,19364,19364,0.9618,0.9832,-0.0214,0.0017,-12.8973,0,-0.0246,-0.0181,0.0043,"estimated"
48,"Colombia",244434,122217,122217,0.8804,0.9012,-0.0208,0.0013,-16.5095,0,-0.0233,-0.0183,0.0011,"estimated"
183,"Sudan",24488,12244,12244,0.9639,0.9838,-0.0199,0.002,-9.7922,0,-0.0239,-0.0159,0.0039,"estimated"
41,"Chile",29190,14595,14595,0.9555,0.9705,-0.0151,0.0022,-6.827,0,-0.0194,-0.0107,0.0016,"estimated"
163,"Oman",444,222,222,0.9865,1,-0.0135,0.0078,-1.7399,0.0826,-0.0287,0.0017,0.0068,"estimated"
218,"Tanzania",68662,34331,34331,0.9723,0.9835,-0.0112,0.0011,-9.9509,0,-0.0134,-0.009,0.0014,"estimated"
111,"Kazakhstan",169808,84904,84904,0.9449,0.9557,-0.0108,0.0011,-10.2312,0,-0.0129,-0.0087,6e-04,"estimated"
129,"Latvia",4288,2144,2144,0.9893,1,-0.0107,0.0022,-4.8206,0,-0.0151,-0.0064,0.0054,"estimated"
208,"Thailand",16152,8076,8076,0.9906,1,-0.0094,0.0011,-8.7586,0,-0.0115,-0.0073,0.0047,"estimated"
223,"United States",57562,28781,28781,0.9891,0.9978,-0.0087,7e-04,-13.0229,0,-0.01,-0.0074,0.0029,"estimated"
151,"Malaysia",17854,8927,8927,0.9887,0.9971,-0.0084,0.0013,-6.687,0,-0.0109,-0.0059,0.0025,"estimated"
140,"Mali",107280,53640,53640,0.98,0.9877,-0.0077,8e-04,-10.0223,0,-0.0092,-0.0062,9e-04,"estimated"
189,"Sierra Leone",6778,3389,3389,0.9929,1,-0.0071,0.0014,-4.9157,0,-0.0099,-0.0043,0.0036,"estimated"
32,"Bolivia",190256,95128,95128,0.9917,0.9976,-0.0059,3e-04,-17.6073,0,-0.0065,-0.0052,0.0016,"estimated"
1,"Somaliland",3022,1511,1511,0.9954,1,-0.0046,0.0017,-2.651,0.0081,-0.0081,-0.0012,0.0023,"estimated"
62,"Algeria",1155784,577892,577892,0.4501,0.4546,-0.0045,9e-04,-4.8889,0,-0.0063,-0.0027,0,"estimated"
135,"Madagascar",26514,13257,13257,0.9949,0.999,-0.0041,7e-04,-6.0505,0,-0.0054,-0.0028,0.0014,"estimated"
230,"Vietnam",35530,17765,17765,0.9959,0.9999,-0.0041,5e-04,-8.3866,0,-0.005,-0.0031,0.002,"estimated"
22,"Burkina Faso",13648,6824,6824,0.996,1,-0.004,8e-04,-5.2061,0,-0.0054,-0.0025,0.002,"estimated"
88,"Guatemala",10086,5043,5043,0.9962,1,-0.0038,9e-04,-4.3667,0,-0.0055,-0.0021,0.0019,"estimated"
17,"Austria",10520,5260,5260,0.9966,1,-0.0034,8e-04,-4.2495,0,-0.005,-0.0018,0.0017,"estimated"
101,"Ireland",6756,3378,3378,0.997,1,-0.003,9e-04,-3.1665,0.0015,-0.0048,-0.0011,0.0015,"estimated"
90,"Guyana",27310,13655,13655,0.9979,1,-0.0021,4e-04,-5.3907,0,-0.0029,-0.0014,0.0011,"estimated"
198,"Slovakia",20708,10354,10354,0.9979,1,-0.0021,5e-04,-4.6952,0,-0.003,-0.0012,0.0011,"estimated"
110,"Japan",23636,11818,11818,0.9981,1,-0.0019,4e-04,-4.8003,0,-0.0027,-0.0012,0.001,"estimated"
222,"Uruguay",3314,1657,1657,0.9982,1,-0.0018,0.001,-1.7331,0.0832,-0.0039,2e-04,9e-04,"estimated"
36,"Bhutan",9478,4739,4739,0.9983,1,-0.0017,6e-04,-2.8305,0.0047,-0.0029,-5e-04,8e-04,"estimated"
75,"Gabon",82736,41368,41368,0.9974,0.9991,-0.0017,3e-04,-5.6971,0,-0.0022,-0.0011,4e-04,"estimated"
137,"Mexico",271154,135577,135577,0.9981,0.9996,-0.0015,1e-04,-11.8988,0,-0.0018,-0.0013,5e-04,"estimated"
156,"Nigeria",19662,9831,9831,0.9981,0.9993,-0.0012,5e-04,-2.3552,0.0185,-0.0022,-2e-04,3e-04,"estimated"
157,"Nicaragua",18084,9042,9042,0.998,0.9991,-0.0011,6e-04,-1.9627,0.0497,-0.0022,0,2e-04,"estimated"
85,"Greece",50900,25450,25450,0.9993,1,-7e-04,2e-04,-4.1244,0,-0.001,-4e-04,3e-04,"estimated"
235,"South Africa",57572,28786,28786,0.9997,1,-3e-04,1e-04,-3.1628,0.0016,-6e-04,-1e-04,2e-04,"estimated"
67,"Spain",119274,59637,59637,0.9996,0.9997,-1e-04,1e-04,-0.8221,0.411,-3e-04,1e-04,0,"estimated"
171,"Poland",51154,25577,25577,0.9999,1,-1e-04,1e-04,-1.7321,0.0833,-3e-04,0,1e-04,"estimated"
238,"France",130242,65121,65121,0.9998,1,-1e-04,1e-04,-2.1382,0.0325,-2e-04,0,0,"estimated"
46,"Republic of Congo",182436,91218,91218,1,1,0,0,-1.4142,0.1573,-1e-04,0,0,"estimated"
175,"Paraguay",84144,42072,42072,1,0.9999,1e-04,1e-04,2.2362,0.0253,0,2e-04,1e-04,"estimated"
106,"Italy",53328,26664,26664,0.9987,0.9984,3e-04,3e-04,0.9183,0.3585,-3e-04,9e-04,0,"estimated"
18,"Azerbaijan",7572,3786,3786,0.9828,0.982,8e-04,0.003,0.2624,0.793,-0.0051,0.0067,0,"estimated"
87,"Greenland",12620,6310,6310,0.0365,0.0355,0.001,0.0033,0.2868,0.7743,-0.0055,0.0074,0,"estimated"
210,"Turkmenistan",1340,670,670,1,0.9985,0.0015,0.0015,1,0.3175,-0.0014,0.0044,7e-04,"estimated"
227,"Venezuela",2248,1124,1124,0.9991,0.9956,0.0036,0.0022,1.6354,0.1021,-7e-04,0.0078,0.0012,"estimated"
57,"Germany",99176,49588,49588,0.9999,0.9957,0.0043,3e-04,14.3541,0,0.0037,0.0048,0.0021,"estimated"
63,"Ecuador",27526,13763,13763,1,0.9956,0.0044,6e-04,7.7626,0,0.0033,0.0055,0.0022,"estimated"
220,"Ukraine",1298,649,649,0.8983,0.8937,0.0046,0.017,0.2726,0.7852,-0.0286,0.0379,1e-04,"estimated"
10,"Argentina",110756,55378,55378,0.9778,0.9722,0.0057,9e-04,6.0452,0,0.0038,0.0075,3e-04,"estimated"
99,"India",30924,15462,15462,0.929,0.9232,0.0058,0.003,1.9561,0.0505,0,0.0117,1e-04,"estimated"
154,"Niger",239158,119579,119579,0.3662,0.3589,0.0073,0.002,3.6922,2e-04,0.0034,0.0111,1e-04,"estimated"
219,"Uganda",13608,6804,6804,0.965,0.9563,0.0087,0.0033,2.6029,0.0093,0.0021,0.0152,5e-04,"estimated"
224,"Uzbekistan",9666,4833,4833,0.8874,0.8744,0.013,0.0066,1.9787,0.0479,1e-04,0.0259,4e-04,"estimated"
206,"Chad",203228,101614,101614,0.9911,0.9772,0.0139,6e-04,25.2084,0,0.0129,0.015,0.0031,"estimated"
40,"Switzerland",2568,1284,1284,0.993,0.9486,0.0444,0.0066,6.7362,0,0.0315,0.0573,0.0174,"estimated"
102,"Iran",84334,42167,42167,0.5958,0.5338,0.0619,0.0034,18.177,0,0.0553,0.0686,0.0039,"estimated"
68,"Estonia",12226,6113,6113,0.9341,0.769,0.1651,0.0063,26.3839,0,0.1528,0.1773,0.0539,"estimated"
122,"Libya",160,80,80,0.4125,0.1,0.3125,0.0649,4.818,0,0.1854,0.4396,0.1281,"estimated"
182,"Saudi Arabia",1284,642,642,1,0.676,0.324,0.0185,17.5273,0,0.2878,0.3602,0.1933,"estimated"
3,"Afghanistan",15862,7931,7931,1,1,NA,NA,NA,NA,NA,NA,NA,"error: The dependent variable is a constant. The estimation cannot be done. If you really want to carry on, please remove the intercept first."
4,"Angola",6,3,3,NA,NA,NA,NA,NA,NA,NA,NA,NA,"skipped_insufficient_n"
7,"Albania",6632,3316,3316,1,1,NA,NA,NA,NA,NA,NA,NA,"error: The dependent variable is a constant. The estimation cannot be done. If you really want to carry on, please remove the intercept first."
11,"Armenia",3758,1879,1879,1,1,NA,NA,NA,NA,NA,NA,NA,"error: The dependent variable is a constant. The estimation cannot be done. If you really want to carry on, please remove the intercept first."
19,"Burundi",964,482,482,1,1,NA,NA,NA,NA,NA,NA,NA,"error: The dependent variable is a constant. The estimation cannot be done. If you really want to carry on, please remove the intercept first."
20,"Belgium",5972,2986,2986,1,1,NA,NA,NA,NA,NA,NA,NA,"error: The dependent variable is a constant. The estimation cannot be done. If you really want to carry on, please remove the intercept first."
21,"Benin",6820,3410,3410,1,1,NA,NA,NA,NA,NA,NA,NA,"error: The dependent variable is a constant. The estimation cannot be done. If you really want to carry on, please remove the intercept first."
23,"Bangladesh",620,310,310,1,1,NA,NA,NA,NA,NA,NA,NA,"error: The dependent variable is a constant. The estimation cannot be done. If you really want to carry on, please remove the intercept first."
24,"Bulgaria",78272,39136,39136,1,1,NA,NA,NA,NA,NA,NA,NA,"error: The dependent variable is a constant. The estimation cannot be done. If you really want to carry on, please remove the intercept first."
27,"Bosnia and Herzegovina",1964,982,982,1,1,NA,NA,NA,NA,NA,NA,NA,"error: The dependent variable is a constant. The estimation cannot be done. If you really want to carry on, please remove the intercept first."
29,"Belarus",9150,4575,4575,1,1,NA,NA,NA,NA,NA,NA,NA,"error: The dependent variable is a constant. The estimation cannot be done. If you really want to carry on, please remove the intercept first."
38,"Central African Republic",2424,1212,1212,1,1,NA,NA,NA,NA,NA,NA,NA,"error: The dependent variable is a constant. The estimation cannot be done. If you really want to carry on, please remove the intercept first."
43,"Cote d'Ivoire",1664,832,832,1,1,NA,NA,NA,NA,NA,NA,NA,"error: The dependent variable is a constant. The estimation cannot be done. If you really want to carry on, please remove the intercept first."
51,"Costa Rica",1312,656,656,1,1,NA,NA,NA,NA,NA,NA,NA,"error: The dependent variable is a constant. The estimation cannot be done. If you really want to carry on, please remove the intercept first."
56,"Czechia",9260,4630,4630,1,1,NA,NA,NA,NA,NA,NA,NA,"error: The dependent variable is a constant. The estimation cannot be done. If you really want to carry on, please remove the intercept first."
58,"Djibouti",384,192,192,1,1,NA,NA,NA,NA,NA,NA,NA,"error: The dependent variable is a constant. The estimation cannot be done. If you really want to carry on, please remove the intercept first."
65,"Eritrea",40,20,20,1,1,NA,NA,NA,NA,NA,NA,NA,"error: The dependent variable is a constant. The estimation cannot be done. If you really want to carry on, please remove the intercept first."
69,"Ethiopia",11572,5786,5786,1,1,NA,NA,NA,NA,NA,NA,NA,"error: The dependent variable is a constant. The estimation cannot be done. If you really want to carry on, please remove the intercept first."
76,"United Kingdom",14888,7444,7444,1,1,NA,NA,NA,NA,NA,NA,NA,"error: The dependent variable is a constant. The estimation cannot be done. If you really want to carry on, please remove the intercept first."
77,"Georgia",7348,3674,3674,1,1,NA,NA,NA,NA,NA,NA,NA,"error: The dependent variable is a constant. The estimation cannot be done. If you really want to carry on, please remove the intercept first."
79,"Ghana",598,299,299,1,1,NA,NA,NA,NA,NA,NA,NA,"error: The dependent variable is a constant. The estimation cannot be done. If you really want to carry on, please remove the intercept first."
81,"Guinea",132268,66134,66134,1,1,NA,NA,NA,NA,NA,NA,NA,"error: The dependent variable is a constant. The estimation cannot be done. If you really want to carry on, please remove the intercept first."
82,"The Gambia",52,26,26,1,1,NA,NA,NA,NA,NA,NA,NA,"error: The dependent variable is a constant. The estimation cannot be done. If you really want to carry on, please remove the intercept first."
84,"Equatorial Guinea",12,6,6,1,1,NA,NA,NA,NA,NA,NA,NA,"error: The dependent variable is a constant. The estimation cannot be done. If you really want to carry on, please remove the intercept first."
93,"Honduras",5492,2746,2746,1,1,NA,NA,NA,NA,NA,NA,NA,"error: The dependent variable is a constant. The estimation cannot be done. If you really want to carry on, please remove the intercept first."
94,"Croatia",25776,12888,12888,1,1,NA,NA,NA,NA,NA,NA,NA,"error: The dependent variable is a constant. The estimation cannot be done. If you really want to carry on, please remove the intercept first."
96,"Hungary",20922,10461,10461,1,1,NA,NA,NA,NA,NA,NA,NA,"error: The dependent variable is a constant. The estimation cannot be done. If you really want to carry on, please remove the intercept first."
103,"Iraq",13218,6609,6609,1,1,NA,NA,NA,NA,NA,NA,NA,"error: The dependent variable is a constant. The estimation cannot be done. If you really want to carry on, please remove the intercept first."
112,"Kenya",7514,3757,3757,1,1,NA,NA,NA,NA,NA,NA,NA,"error: The dependent variable is a constant. The estimation cannot be done. If you really want to carry on, please remove the intercept first."
113,"Kyrgyzstan",1160,580,580,1,1,NA,NA,NA,NA,NA,NA,NA,"error: The dependent variable is a constant. The estimation cannot be done. If you really want to carry on, please remove the intercept first."
114,"Cambodia",10122,5061,5061,1,1,NA,NA,NA,NA,NA,NA,NA,"error: The dependent variable is a constant. The estimation cannot be done. If you really want to carry on, please remove the intercept first."
117,"South Korea",6380,3190,3190,1,1,NA,NA,NA,NA,NA,NA,NA,"error: The dependent variable is a constant. The estimation cannot be done. If you really want to carry on, please remove the intercept first."
118,"Kuwait",4290,2145,2145,1,1,NA,NA,NA,NA,NA,NA,NA,"error: The dependent variable is a constant. The estimation cannot be done. If you really want to carry on, please remove the intercept first."
119,"Laos",4184,2092,2092,1,1,NA,NA,NA,NA,NA,NA,NA,"error: The dependent variable is a constant. The estimation cannot be done. If you really want to carry on, please remove the intercept first."
120,"Lebanon",42,21,21,1,1,NA,NA,NA,NA,NA,NA,NA,"error: The dependent variable is a constant. The estimation cannot be done. If you really want to carry on, please remove the intercept first."
125,"Sri Lanka",13654,6827,6827,1,1,NA,NA,NA,NA,NA,NA,NA,"error: The dependent variable is a constant. The estimation cannot be done. If you really want to carry on, please remove the intercept first."
126,"Lesotho",10,5,5,1,1,NA,NA,NA,NA,NA,NA,NA,"error: The dependent variable is a constant. The estimation cannot be done. If you really want to carry on, please remove the intercept first."
127,"Lithuania",4540,2270,2270,1,1,NA,NA,NA,NA,NA,NA,NA,"error: The dependent variable is a constant. The estimation cannot be done. If you really want to carry on, please remove the intercept first."
134,"Moldova",1338,669,669,1,1,NA,NA,NA,NA,NA,NA,NA,"error: The dependent variable is a constant. The estimation cannot be done. If you really want to carry on, please remove the intercept first."
139,"North Macedonia",910,455,455,1,1,NA,NA,NA,NA,NA,NA,NA,"error: The dependent variable is a constant. The estimation cannot be done. If you really want to carry on, please remove the intercept first."
143,"Montenegro",1422,711,711,1,1,NA,NA,NA,NA,NA,NA,NA,"error: The dependent variable is a constant. The estimation cannot be done. If you really want to carry on, please remove the intercept first."
150,"Malawi",7880,3940,3940,1,1,NA,NA,NA,NA,NA,NA,NA,"error: The dependent variable is a constant. The estimation cannot be done. If you really want to carry on, please remove the intercept first."
159,"Netherlands",8542,4271,4271,1,1,NA,NA,NA,NA,NA,NA,NA,"error: The dependent variable is a constant. The estimation cannot be done. If you really want to carry on, please remove the intercept first."
160,"Nepal",12554,6277,6277,1,1,NA,NA,NA,NA,NA,NA,NA,"error: The dependent variable is a constant. The estimation cannot be done. If you really want to carry on, please remove the intercept first."
173,"North Korea",10,5,5,1,1,NA,NA,NA,NA,NA,NA,NA,"error: The dependent variable is a constant. The estimation cannot be done. If you really want to carry on, please remove the intercept first."
174,"Portugal",17220,8610,8610,1,1,NA,NA,NA,NA,NA,NA,NA,"error: The dependent variable is a constant. The estimation cannot be done. If you really want to carry on, please remove the intercept first."
176,"Palestine",10,5,5,1,1,NA,NA,NA,NA,NA,NA,NA,"error: The dependent variable is a constant. The estimation cannot be done. If you really want to carry on, please remove the intercept first."
178,"Qatar",1670,835,835,1,1,NA,NA,NA,NA,NA,NA,NA,"error: The dependent variable is a constant. The estimation cannot be done. If you really want to carry on, please remove the intercept first."
179,"Romania",86192,43096,43096,1,1,NA,NA,NA,NA,NA,NA,NA,"error: The dependent variable is a constant. The estimation cannot be done. If you really want to carry on, please remove the intercept first."
181,"Rwanda",140,70,70,1,1,NA,NA,NA,NA,NA,NA,NA,"error: The dependent variable is a constant. The estimation cannot be done. If you really want to carry on, please remove the intercept first."
184,"Senegal",470,235,235,1,1,NA,NA,NA,NA,NA,NA,NA,"error: The dependent variable is a constant. The estimation cannot be done. If you really want to carry on, please remove the intercept first."
190,"El Salvador",2652,1326,1326,1,1,NA,NA,NA,NA,NA,NA,NA,"error: The dependent variable is a constant. The estimation cannot be done. If you really want to carry on, please remove the intercept first."
194,"Serbia",6302,3151,3151,1,1,NA,NA,NA,NA,NA,NA,NA,"error: The dependent variable is a constant. The estimation cannot be done. If you really want to carry on, please remove the intercept first."
195,"South Sudan",29822,14911,14911,1,1,NA,NA,NA,NA,NA,NA,NA,"error: The dependent variable is a constant. The estimation cannot be done. If you really want to carry on, please remove the intercept first."
197,"Suriname",236,118,118,1,1,NA,NA,NA,NA,NA,NA,NA,"error: The dependent variable is a constant. The estimation cannot be done. If you really want to carry on, please remove the intercept first."
199,"Slovenia",11968,5984,5984,1,1,NA,NA,NA,NA,NA,NA,NA,"error: The dependent variable is a constant. The estimation cannot be done. If you really want to carry on, please remove the intercept first."
201,"eSwatini",202,101,101,1,1,NA,NA,NA,NA,NA,NA,NA,"error: The dependent variable is a constant. The estimation cannot be done. If you really want to carry on, please remove the intercept first."
204,"Syria",1186,593,593,1,1,NA,NA,NA,NA,NA,NA,NA,"error: The dependent variable is a constant. The estimation cannot be done. If you really want to carry on, please remove the intercept first."
207,"Togo",15138,7569,7569,1,1,NA,NA,NA,NA,NA,NA,NA,"error: The dependent variable is a constant. The estimation cannot be done. If you really want to carry on, please remove the intercept first."
215,"Turkey",420,210,210,1,1,NA,NA,NA,NA,NA,NA,NA,"error: The dependent variable is a constant. The estimation cannot be done. If you really want to carry on, please remove the intercept first."
217,"Taiwan",178,89,89,1,1,NA,NA,NA,NA,NA,NA,NA,"error: The dependent variable is a constant. The estimation cannot be done. If you really want to carry on, please remove the intercept first."
237,"Zimbabwe",78298,39149,39149,1,1,NA,NA,NA,NA,NA,NA,NA,"error: The dependent variable is a constant. The estimation cannot be done. If you really want to carry on, please remove the intercept first."
