"variable","estimate_type","coef","se","t_stat","pval","ci_low","ci_high","n_obs","control_mean"
"built","unscaled",-421.475977708224,162.299755411451,-2.59689841577227,0.0107424593862254,-743.251028372176,-99.7009270442712,11423056,1035.30699296469
"cropland","unscaled",-1.34332177140584,0.31681451804348,-4.24008905810775,4.78946909611277e-05,-1.9714373673664,-0.715206175445278,11262822,3.15587656450685
"planted","unscaled",0.0163339755901694,0.25302432779511,0.0645549609103045,0.948704798813985,-0.487942782485698,0.520610733666037,5644676,1.81374449127284
"pasture","unscaled",-110.068313855288,63.4933284030215,-1.73354140700632,0.0859071808400365,-235.950012887496,15.81338517692,11328380,520.021771238184
"oil","unscaled",-7.59185191844149e-05,0.000169644089592141,-0.447516440843524,0.658688655086765,-0.000426854056181808,0.000275017017812978,7903210,0.00045551111511076
"mining","unscaled",-0.0887645892821822,0.033655120638338,-2.63747648496219,0.00987487138273328,-0.155647069426422,-0.0218821091379427,11270260,0.127290763476353
"renewables","unscaled",-0.00966978979645668,0.005268235242749,-1.83548937184721,0.0698498789096251,-0.020140977794304,0.000801398201390644,10672414,0.0191521805658193
"roads","unscaled",-0.865495187979689,0.219915878532553,-3.93557388286346,0.00014864529347813,-1.30149980657708,-0.429490569382294,11423056,6.11979841471442
"powerlines","unscaled",-0.879747065932338,0.237497433813914,-3.70423819661834,0.000338729916269308,-1.35060882788814,-0.408885303976538,11423056,3.01570788059057
"fires","unscaled",-0.0103644587904028,0.0629344965766499,-0.164686449470198,0.86960107378214,-0.135584365902608,0.114855448321803,11076314,0.368877227565637
"swu","unscaled",-1.15856012409102,1.33567829215915,-0.86739458961947,0.388058532605114,-3.81252444000419,1.49540419182214,342974,-7.72278365123484
"dams","unscaled",0.000934097977715349,0.00316654964933664,0.294989209441586,0.768613684464224,-0.00534824633855929,0.00721644229398999,11347846,0.00981684101092664
"light","unscaled",-0.303811519442101,0.178188141434488,-1.7050041433526,0.0911227922114246,-0.6570868407292,0.049463801844999,11423056,2.03045437227426
"def0120_parea","unscaled",-0.060051315139463,0.0199492808955729,-3.01019948808228,0.0034259326062327,-0.0997091730216429,-0.0203934572572831,4577994,0.0946656064645692
"any_threat","unscaled",-0.0804637568095375,0.0385090519380245,-2.0894764415139,0.0390582978969505,-0.15681169773505,-0.00411581588402467,11423056,0.437093191174061
"threat_composite","unscaled",-0.0176727976886744,0.0065929303371578,-2.68056793942906,0.00852445226412493,-0.0307439233221342,-0.0046016720552147,11423056,0.0577750289514615
