"group","n_country","zero_share","iqr","variable","used_strip"
"Control",107,0,3420.01863886757,"built",FALSE
"Protected",107,0.00934579439252336,1844.97538772431,"built",FALSE
"Control",107,0.0373831775700935,9.31958560395494,"cropland",FALSE
"Protected",107,0.0654205607476635,4.9603428172589,"cropland",FALSE
"Control",74,0.527027027027027,2.36210126787207,"planted",FALSE
"Protected",74,0.486486486486487,0.8850859324671,"planted",FALSE
"Control",107,0,1551.65754347983,"pasture",FALSE
"Protected",107,0,1206.11595377136,"pasture",FALSE
"Control",24,0.833333333333333,0,"oil",TRUE
"Protected",24,0.791666666666667,0,"oil",TRUE
"Control",89,0.49438202247191,0.0730578780745236,"mining",FALSE
"Protected",89,0.550561797752809,0.0287852619458833,"mining",FALSE
"Control",88,0.715909090909091,0.00164123580638354,"renewables",FALSE
"Protected",88,0.670454545454545,0.00451883296714926,"renewables",FALSE
"Control",107,0.0186915887850467,17.8664670498699,"roads",FALSE
"Protected",107,0.0186915887850467,15.5654040355643,"roads",FALSE
"Control",107,0.0373831775700935,11.2053968264193,"powerlines",FALSE
"Protected",107,0.11214953271028,5.45935093122034,"powerlines",FALSE
"Control",82,0.48780487804878,0.16649626285356,"fires",FALSE
"Protected",82,0.390243902439024,0.440818796533258,"fires",FALSE
"Control",90,0.0222222222222222,35.4799488458231,"swu",FALSE
"Protected",90,0,36.216474405191,"swu",FALSE
"Control",101,0.683168316831683,0.0020755931007273,"dams",FALSE
"Protected",101,0.544554455445545,0.0217974513749053,"dams",FALSE
"Control",107,0.0186915887850467,4.48346137859461,"light",FALSE
"Protected",107,0.00934579439252336,5.08812919554626,"light",FALSE
"Control",87,0,0.0982304177108291,"def0120_parea",FALSE
"Protected",87,0.0114942528735632,0.0717460579945148,"def0120_parea",FALSE
"Control",107,0,0.472871021024861,"any_threat",FALSE
"Protected",107,0,0.514381366671055,"any_threat",FALSE
"Control",107,0,0.0924631492827609,"threat_composite",FALSE
"Protected",107,0,0.0910182300076274,"threat_composite",FALSE
