"taxon","weighting","n_species","raw_median","raw_ci_low","raw_ci_high","raw_prob_negative","raw_prob_positive","raw_sign_p","pct_median","pct_ci_low","pct_ci_high","pct_prob_negative","pct_prob_positive","pct_sign_p"
"amphibian","equal",1179,-0.0233838825281618,-0.0254355445251926,-0.0216781798538055,1,0,0,-25.3281021096632,-27.9085964928989,-22.8473031787697,1,0,0
"amphibian","tbl",1172,-0.02381712335173,-0.0268383759172751,-0.0206019994170043,1,0,0,-26.8622250586446,-30.022180586703,-24.8735545409888,1,0,0
"amphibian","ed",1172,-0.0246830407390929,-0.027399292639921,-0.0218036670091244,1,0,0,-26.866715361425,-29.7616282334608,-24.9207975797581,1,0,0
"amphibian","edge",1172,-0.0236169082501061,-0.027399292639921,-0.0197398417443922,1,0,0,-26.5981858106567,-29.3155489776369,-24.2108521327259,1,0,0
"bird","equal",699,-0.019018918078977,-0.0210595884892965,-0.0176658872117835,1,0,0,-24.5197354779675,-26.8489590598076,-22.5190531846771,1,0,0
"bird","tbl",698,-0.0176727976886744,-0.0210874862009196,-0.0146607037912228,1,0,0,-24.6054581310056,-30.238438029722,-21.8844843072909,1,0,0
"bird","ed",678,-0.0179010342944263,-0.0215187030773401,-0.0153059640272926,1,0,0,-24.2917014779561,-29.6176741314493,-21.8844843072909,1,0,0
"bird","edge",698,-0.0186136308039189,-0.0231671317732651,-0.0148484701479146,1,0,0,-24.0562245364834,-28.5252458817515,-21.6110160102711,1,0,0
"mammal","equal",814,-0.022568421876546,-0.0258766533493577,-0.0198973272547152,1,0,0,-26.4818993481786,-29.2614274715717,-24.6822520766522,1,0,0
"mammal","tbl",808,-0.0239335689351805,-0.0289642706636213,-0.0184017590333545,1,0,0,-26.4997355851316,-32.9026440510145,-21.9511071545902,1,0,0
"mammal","ed",787,-0.0234495641563093,-0.0279688574419239,-0.0189322697296843,1,0,0,-26.132658382065,-31.4468852482834,-21.9381684903556,1,0,0
"mammal","edge",808,-0.0234679798607175,-0.029125408256141,-0.0203083422355497,1,0,0,-26.5226166973141,-33.6304462381397,-23.5604755619635,1,0,0
"reptile","equal",618,-0.024231987169961,-0.0271162278512445,-0.0208469469202845,1,0,0,-23.0640785841953,-26.0052173090613,-20.3147877749496,1,0,0
"reptile","tbl",614,-0.0278617628044603,-0.0315861380124772,-0.0220589264559241,1,0,0,-25.2782516129678,-30.9496026808949,-20.846788304081,1,0,0
"reptile","ed",610,-0.0278617628044603,-0.0318612967670924,-0.0221942773021786,1,0,0,-25.009541444032,-30.2847063318672,-20.846788304081,1,0,0
"reptile","edge",614,-0.0296770606312694,-0.0326758195878113,-0.023311152507092,1,0,0,-25.2794288350881,-32.84366235301,-21.4842115869422,1,0,0
