"variable","raw_control_mean","raw_protected_mean","raw_gap","raw_control_se","raw_protected_se","adjusted_control_mean","adjusted_protected_mean","adjusted_gap","bootstrap_control_se","bootstrap_control_ci_low","bootstrap_control_ci_high","bootstrap_protected_se","bootstrap_protected_ci_low","bootstrap_protected_ci_high","bootstrap_gap_se","bootstrap_gap_ci_low","bootstrap_gap_ci_high","production_att","production_se","production_pval","collapsed_att","production_att_abs_diff","full_identity_error","max_boot_identity_error","raw_control_abs_diff","raw_protected_abs_diff","n_obs","n_control","n_protected","n_countries","n_biomes","n_cells","bootstrap_reps_requested","bootstrap_reps_valid","bootstrap_attempts","bootstrap_invalid"
"built",1035.30699297974,613.831015273276,-421.47597770646,324.910172072124,200.803693107011,1035.30699297974,613.831015273277,-421.47597770646,396.509709552391,560.133317637868,2122.12344308417,251.577780414951,336.629869431894,1272.34768442565,183.180903254033,-908.613434787622,-198.613163996472,-421.475977708224,162.299755411451,0.0107424593862254,-421.47597770646,1.76396497408859e-09,0,4.20641299569979e-12,7.61701812734827e-11,3.05476532957982e-10,11423056,5711528,5711528,107,16,678,499,499,499,0
"cropland",3.15587656450563,1.81255479310665,-1.34332177139898,0.797101572740596,0.575793791886923,3.15587656450563,1.81255479310665,-1.34332177139898,0.910358723424804,2.03675611982688,5.26691321915604,0.651314857111887,1.01570166472345,3.42152836252335,0.354834006049674,-2.1559689143175,-0.813923230105145,-1.34332177140584,0.31681451804348,4.78946909611277e-05,-1.34332177139898,6.85784762310959e-12,1.11022302462516e-15,6.21724893790088e-15,1.3855583347322e-13,6.25943741283663e-13,11262822,5631411,5631411,107,16,678,499,499,499,0
"planted",1.81374449126917,1.83007846685936,0.0163339755901919,1.1020306600569,1.31348223522267,1.81374449126917,1.83007846685937,0.0163339755901928,1.50542946763323,0.565216250532145,6.29749127073594,1.79483685628132,0.387036769383057,7.33273784661675,0.343673221328368,-0.443859084858928,0.939837694003394,0.0163339755901694,0.25302432779511,0.948704798813985,0.0163339755901926,2.31654972981943e-14,1.94289029309402e-16,7.54951656745106e-15,1.22124532708767e-13,3.80362408236579e-13,5644676,2822338,2822338,74,16,420,499,499,499,0
"pasture",520.021771240784,409.953457386086,-110.068313854698,109.003864191813,93.9271194844028,520.021771240785,409.953457386086,-110.068313854698,114.628597495296,335.266628085631,788.86953011309,112.950684188779,265.032340528588,704.797085607597,62.6988531219604,-219.991786353378,-0.306193859304528,-110.068313855288,63.4933284030215,0.0859071808400365,-110.068313854698,5.90432591707213e-10,5.25801624462474e-13,1.33582034322899e-12,8.77207639859989e-10,3.99836608266924e-10,11328380,5664190,5664190,107,16,676,499,499,499,0
"oil",0.00045551111510382,0.000379592595919901,-7.59185191839182e-05,0.000319699360681238,0.000282143032265792,0.00045551111510382,0.000379592595919902,-7.59185191839185e-05,0.000400645680640259,2.93922373921371e-05,0.00150746744674055,0.000339659033033601,3.05264610607405e-05,0.00133659060711907,0.000231262360424562,-0.000620868568727469,0.000322693283521115,-7.59185191844149e-05,0.000169644089592141,0.658688655086765,-7.59185191839182e-05,4.96781435432858e-16,3.65918233213858e-19,1.72794721239877e-18,4.32596666821716e-17,1.56667213924155e-17,7903210,3951605,3951605,24,16,238,499,499,499,0
"mining",0.127290763478775,0.0385261741963632,-0.0887645892824123,0.0308668566320935,0.0101185227932129,0.127290763478776,0.0385261741963632,-0.0887645892824124,0.0310192190045237,0.0650359004120143,0.182589325877221,0.0101107528666723,0.0195581920919211,0.0564153269300594,0.0324323630220432,-0.152354175732461,-0.0314318148975619,-0.0887645892821822,0.033655120638338,0.00987487138273328,-0.0887645892824123,2.30163110792603e-13,1.38777878078145e-17,3.05311331771918e-16,3.81916720471054e-13,1.50469914306228e-13,11270260,5635130,5635130,89,16,594,499,499,499,0
"renewables",0.01915218056571,0.00948239076932361,-0.00966978979638637,0.00982130958208021,0.00492404192768458,0.01915218056571,0.0094823907693236,-0.00966978979638638,0.0107908447213601,0.00624849034286187,0.0460275328495066,0.00547810028710656,0.00318791613530575,0.0247795517943775,0.00576732753758936,-0.0245546932950429,-0.00244037418789201,-0.00966978979645668,0.005268235242749,0.0698498789096251,-0.00966978979638636,7.03222202691478e-14,1.90819582357449e-17,6.2450045135165e-17,1.03389519168218e-15,5.20417042793042e-18,10672414,5336207,5336207,88,16,596,499,499,499,0
"roads",6.11979841471489,5.25430322673561,-0.865495187979279,1.44174631969384,1.29168647154006,6.1197984147149,5.25430322673561,-0.865495187979285,1.63700726027513,4.13066356464273,10.6917302421987,1.479664368832,3.49758594858166,9.44394795984303,0.23463936233065,-1.41290662623387,-0.508786178112179,-0.865495187979689,0.219915878532553,0.00014864529347813,-0.865495187979279,4.09783318389145e-13,5.44009282066327e-15,1.40998324127395e-14,5.06261699229071e-14,1.61115565333603e-12,11423056,5711528,5711528,107,16,678,499,499,499,0
"powerlines",3.01570788061992,2.13596081468743,-0.879747065932492,0.672098534312337,0.588933316615774,3.01570788061992,2.13596081468743,-0.879747065932495,0.731452735755404,2.01273723553924,4.76502709049264,0.658986406386276,1.3495857394629,3.82290378251392,0.214871279387076,-1.29737469655127,-0.468863102317904,-0.879747065932338,0.237497433813914,0.000338729916269308,-0.879747065932492,1.54432022725359e-13,2.66453525910038e-15,6.21724893790088e-15,3.27027294133586e-12,1.7421619702418e-12,11423056,5711528,5711528,107,16,678,499,499,499,0
"fires",0.36887722756874,0.358512768778456,-0.0103644587902844,0.130160446651348,0.139554744803061,0.36887722756874,0.358512768778455,-0.0103644587902844,0.128641861159854,0.152689107940319,0.663430749355318,0.132346811510345,0.147145753832669,0.639968654817622,0.0684203438463579,-0.187961817749405,0.0857619952364314,-0.0103644587904028,0.0629344965766499,0.86960107378214,-0.0103644587902843,1.18518042602211e-13,4.68375338513738e-17,1.35134958778593e-15,7.39408534400354e-14,3.88578058618805e-14,11076314,5538157,5538157,82,16,568,499,499,499,0
"swu",-7.72278365123867,-8.88134377532978,-1.15856012409111,3.52805751655788,4.15886317706862,-7.72278365123867,-8.88134377532978,-1.15856012409111,4.97266113446364,-20.6931041846285,-3.53139934829094,6.03447252453384,-26.0744441330223,-4.4513239803197,2.55225120726841,-8.61355746612486,1.38102510664658,-1.15856012409102,1.33567829215915,0.388058532605114,-1.15856012409111,8.59312621059871e-14,3.10862446895044e-15,9.8628882838625e-12,1.97175609173428e-13,1.27897692436818e-13,342974,171487,171487,90,16,406,499,499,501,2
"dams",0.00981684101106229,0.0107509389887696,0.000934097977707302,0.00405088495250877,0.00377462243874401,0.00981684101106229,0.0107509389887696,0.000934097977707301,0.00480213980641504,0.004003501853019,0.0226398214180139,0.00485135359666815,0.00565403166783833,0.0246830482377952,0.00367986794668682,-0.00509993485740643,0.00946851800169725,0.000934097977715349,0.00316654964933664,0.768613684464224,0.0009340979777073,8.04879166788064e-15,6.50521303491303e-19,2.42861286636753e-17,1.68615121864946e-15,4.13905021368066e-15,11347846,5673923,5673923,101,16,660,499,499,499,0
"light",2.03045437227981,1.72664285284149,-0.303811519438329,0.37271976387121,0.288279500838303,2.03045437227982,1.72664285284149,-0.30381151943833,0.403156626552699,1.50979759508033,3.08012590731974,0.339635508094738,1.32378465554192,2.63012706071724,0.172812326640814,-0.682352810608375,-0.00664322416655083,-0.303811519442101,0.178188141434488,0.0911227922114246,-0.30381151943833,3.77053943623196e-12,5.55111512312578e-17,4.16333634234434e-15,2.48245868306185e-13,7.04547531427124e-13,11423056,5711528,5711528,107,16,678,499,499,499,0
"def0120_parea",0.0946656064645341,0.0346142913248202,-0.060051315139714,0.0155601756026464,0.00690133559727482,0.0946656064645341,0.0346142913248201,-0.060051315139714,0.0180723839619749,0.0506308793188611,0.112971465920191,0.00961626565696858,0.0264580156546513,0.06281636175527,0.023403527361778,-0.081465174715623,-0.0129023245174221,-0.060051315139463,0.0199492808955729,0.0034259326062327,-0.060051315139714,2.50952036928709e-13,2.08166817117217e-17,1.66533453693773e-16,2.8466118351389e-13,1.49366630175507e-13,4577994,2288997,2288997,87,16,504,499,499,499,0
"any_threat",0.437093191174061,0.356629434365025,-0.0804637568090361,0.0476891289227038,0.044629893551104,0.437093191174061,0.356629434365025,-0.0804637568090366,0.0536660977748414,0.350586108430864,0.553833543714385,0.0524954379438646,0.29333779199546,0.491322327724216,0.0354852281085576,-0.150552102563261,-0.0203171253738296,-0.0804637568095375,0.0385090519380245,0.0390582978969505,-0.080463756809036,5.01459984647568e-13,5.82867087928207e-16,1.04083408558608e-15,1.66533453693773e-16,1.66533453693773e-16,11423056,5711528,5711528,107,16,678,499,499,499,0
"threat_composite",0.0577750289514709,0.0401022312628108,-0.0176727976886601,0.00827433173779244,0.00691536286293196,0.0577750289514709,0.0401022312628108,-0.01767279768866,0.00875639092844987,0.0420452835179339,0.076252911566412,0.00768425524957005,0.0297719287494525,0.0599227093466425,0.00634111990565794,-0.0295735921016165,-0.00707948588743204,-0.0176727976886744,0.0065929303371578,0.00852445226412493,-0.01767279768866,1.44259604262231e-14,3.12250225675825e-17,1.2490009027033e-16,2.01019756396192e-14,6.25888230132432e-15,11423056,5711528,5711528,107,16,678,499,499,499,0
