"hotspot_id","hotspot_name","coef","se","pval","ci_low","ci_high","n_obs","n_treat","n_control","n_countries","n_biomes","control_mean","status"
0,"Non-hotspot",-0.0181958195551218,0.00794790077480645,0.0242711166427507,-0.0337737050737425,-0.00261793403650119,9886616,4934528,4952088,96,16,0.0495174706639469,"estimated"
1,"Atlantic Forest",-0.0312984647442341,0.00129717609683586,0.0017133045556182,-0.0338409298940324,-0.0287559995944358,61686,30820,30866,3,4,0.161484666917308,"estimated"
2,"California Floristic Province",-0.000349714511170589,5.62461060226607e-05,0.10152091459173,-0.000459956878975004,-0.000239472143366174,10166,5186,4980,2,4,0.088256441845378,"estimated"
3,"Cape Floristic Region",-0.00550094740446588,0.00316710507630323,0.0825547392511354,-0.0117084733540202,0.000706578545088462,2055,1056,999,1,2,0.0572992979658515,"estimated"
5,"Caucasus",-0.0125148720385061,0.00500998225997555,0.12978175056154,-0.0223344372680582,-0.00269530680895407,9586,4705,4881,3,3,0.0818201878544171,"estimated"
6,"Cerrado",-0.0418150113771324,0.000175830820561931,1.76812941282008e-05,-0.0421596397854338,-0.041470382968831,135574,67637,67937,3,4,0.133200043026211,"estimated"
7,"Chilean Winter Rainfall and Valdivian Forests",-0.00129112566378341,0.00144951868595374,0.536751972115393,-0.00413218228825275,0.00154993096068592,20265,9619,10646,2,4,0.019977404332454,"estimated"
8,"Coastal Forests of Eastern Africa",0.0177979630490122,0.0505131182674705,0.758245841156181,-0.08120774875523,0.116803674853254,34767,19196,15571,3,4,0.0846062479505923,"estimated"
10,"Guinean Forests of West Africa",-0.0337253618753327,0.0180915091897663,0.135746147219861,-0.0691847198872746,0.00173399613660921,11412,5949,5463,5,3,0.120686575873133,"estimated"
11,"Himalaya",-0.00536073962884324,0.0033435746380078,0.207200723032512,-0.0119141459193385,0.00119266666165204,22481,11779,10702,4,7,0.0924694046221091,"estimated"
12,"Horn of Africa",0.0107052292723591,0.00241747545384547,0.0114373444395267,0.00596697738282202,0.0154434811618963,86575,41854,44721,5,3,0.0300419478505757,"estimated"
13,"Indo-Burma",-0.0281499106837483,0.0117519965810371,0.0619776580145034,-0.0511838239825809,-0.00511599738491561,118064,58882,59182,6,5,0.0737975299463954,"estimated"
14,"Irano-Anatolian",-0.0268406531522825,0.0264093057613795,0.38430351478764,-0.0786028924445864,0.0249215861400214,5550,2774,2776,4,4,0.118669913549121,"estimated"
15,"Japan",-0.00852566242707803,0.00103816103963873,2.21541545121616e-16,-0.0105604580647699,-0.00649086678938611,56971,28493,28478,1,3,0.141449122608268,"estimated"
16,"Madagascar and the Indian Ocean Islands",-0.0113977165305761,0.000475137235416405,8.62216113945389e-127,-0.0123289855119923,-0.01046644754916,97411,49977,47434,1,4,0.102867323271626,"estimated"
17,"Madrean Pine-Oak Woodlands",-0.00317758938761025,4.20531169458072e-05,0.00842471434790172,-0.00326001349682404,-0.00309516527839647,102275,50904,51371,2,5,0.0671461660980167,"estimated"
18,"Maputaland-Pondoland-Albany",-0.00857299865992659,0.00209933518335468,0.0550593131202463,-0.0126876956193018,-0.00445830170055142,24405,12640,11765,3,5,0.0540933086324884,"estimated"
19,"Mediterranean Basin",-0.0228917660264203,0.00275517545598118,1.47389402140953e-06,-0.0282919099201435,-0.0174916221326972,223895,111952,111943,14,5,0.152629114735214,"estimated"
20,"Mesoamerica",-0.0264263991361701,0.00250975486034285,0.000133410778049429,-0.0313455186624421,-0.0215072796098981,71484,36365,35119,6,5,0.135790915879904,"estimated"
21,"Mountains of Central Asia",-0.00847663687311859,0.00162163899772638,0.0136210095508762,-0.0116550493086623,-0.00529822443757489,40028,20428,19600,4,4,0.0347549040252245,"estimated"
22,"Mountains of Southwest China",0.00781347536731679,0.000362247331249051,0.0294937638642255,0.00710347059806865,0.00852348013656493,2806,990,1816,2,2,0.0106642814648092,"estimated"
25,"Philippines",-0.0101544566751713,0.000655079026199778,5.42515439885534e-54,-0.0114384115665228,-0.00887050178381971,31170,15585,15585,1,2,0.0511725439282681,"estimated"
26,"Polynesia-Micronesia",0.00199478527600367,0.00469668671922456,0.680032785421178,-0.00721072069367648,0.0112002912456838,32657,17433,15224,11,6,0.0527919092582548,"estimated"
27,"Southwest Australia",-0.00649518191408946,0.000899577778017333,5.26809292706533e-13,-0.00825835435900343,-0.00473200946917549,46577,22508,24069,1,1,0.122100225606203,"estimated"
28,"Succulent Karoo",-0.000915560249037831,0.00552409667297661,0.895437559172835,-0.011742789728072,0.00991166922999633,24686,21696,2990,2,2,0.0232879392372254,"estimated"
29,"Sundaland",-0.0845217980629074,2.0190854040771e-05,0.000152077889413476,-0.0845613721368274,-0.0844822239889875,51075,25555,25520,2,3,0.13408503263271,"estimated"
30,"Tropical Andes",-0.0146032444612716,0.00522303277739985,0.0313314854356462,-0.0248403887049753,-0.0043661002175679,173992,85054,88938,7,5,0.0754016592756022,"estimated"
31,"Tumbes-Choco-Magdalena",-0.0371260726128796,0.00409179765950203,0.00282815703526748,-0.0451459960255035,-0.0291061492002556,16995,8062,8934,4,5,0.210886363531242,"estimated"
32,"Wallacea",-0.0742147001499507,0.0218664138633771,0.00151390457164711,-0.11707287132217,-0.0313565289777317,45,23,22,1,2,0.142707498611977,"estimated"
34,"Forests of East Australia",-0.00313434267325309,0.00056476892259842,2.87147391832088e-08,-0.00424128976154599,-0.00202739558496019,64771,32948,31823,1,4,0.0627986311017985,"estimated"
35,"Eastern Afromontane",0.00726610743199593,0.00680029202376418,0.310409462438123,-0.00606246493458187,0.0205946797985737,51225,24196,27029,11,4,0.262277704672636,"estimated"
36,"North American Coastal Plain",-0.00540112525029746,0.0214556445674365,0.843002920810959,-0.0474541886024729,0.036651938101878,24750,12214,12536,2,7,0.0853370871811949,"estimated"
