"biome_id","biome_name","biome_short","variable","coef","se","pval","ci_low","ci_high","n_obs","n_treat","n_control","n_countries","control_mean","status"
1,"Tropical & subtropical moist broadleaf forests","Trop. moist forests","built",-129.104667419532,69.2263008267198,0.0688641256661918,-268.621109404393,10.4117745653282,3530516,1765258,1765258,45,314.11963350262,"estimated"
1,"Tropical & subtropical moist broadleaf forests","Trop. moist forests","cropland",-0.0999344005242922,0.0553507889577123,0.0778453806299083,-0.211486585809545,0.0116177847609611,3530516,1765258,1765258,45,0.386858464880596,"estimated"
1,"Tropical & subtropical moist broadleaf forests","Trop. moist forests","planted",-0.367203449354273,0.184439489533424,0.0543424151108208,-0.741635519338524,0.00722862062997726,3411188,1705594,1705594,36,0.527616771633658,"estimated"
1,"Tropical & subtropical moist broadleaf forests","Trop. moist forests","pasture",-238.623950517603,70.4404510403977,0.00149533132141016,-380.587351473614,-96.6605495615916,3518822,1759411,1759411,45,555.005597879968,"estimated"
1,"Tropical & subtropical moist broadleaf forests","Trop. moist forests","oil",0.000149831477046191,0.000174975627088695,0.410098396492739,-0.000235287281553755,0.000534950235646136,2669666,1334833,1334833,12,0,"estimated"
1,"Tropical & subtropical moist broadleaf forests","Trop. moist forests","mining",-0.0305572500074312,0.0140234544956365,0.0359564871925513,-0.058998133943054,-0.00211636607180843,3501624,1750812,1750812,37,0.0891015140414735,"estimated"
1,"Tropical & subtropical moist broadleaf forests","Trop. moist forests","renewables",-6.4746543182088e-05,0.000614835521270948,0.916750961632265,-0.00131424265541847,0.00118474956905429,3088968,1544484,1544484,35,0.000776958518195357,"estimated"
1,"Tropical & subtropical moist broadleaf forests","Trop. moist forests","roads",-0.677181465824832,0.324973197965301,0.0430178727688156,-1.33212191156739,-0.0222410200822692,3530516,1765258,1765258,45,3.0385360100232,"estimated"
1,"Tropical & subtropical moist broadleaf forests","Trop. moist forests","powerlines",-1.04772220264627,0.320419480183197,0.00209433224610264,-1.69348523322761,-0.401959172064928,3530516,1765258,1765258,45,1.9448715145253,"estimated"
1,"Tropical & subtropical moist broadleaf forests","Trop. moist forests","fires",-0.0282404485544117,0.0462818690478382,0.545191332291718,-0.121779595104375,0.0652986979955516,3498528,1749264,1749264,41,0.0747171381784742,"estimated"
1,"Tropical & subtropical moist broadleaf forests","Trop. moist forests","swu",3.46550313607853,1.98829523012746,0.092721936335063,-0.614141692869186,7.54514796502625,29336,14668,14668,28,-15.3997136623941,"estimated"
1,"Tropical & subtropical moist broadleaf forests","Trop. moist forests","dams",0.00198271300851982,0.00145763289438362,0.180686337718554,-0.000954953062263539,0.00492037907930317,3530516,1765258,1765258,45,0.0010196809758158,"estimated"
1,"Tropical & subtropical moist broadleaf forests","Trop. moist forests","light",-0.252961323499692,0.162240407465106,0.126119296143779,-0.579935379969411,0.0740127329700264,3530516,1765258,1765258,45,1.33521162345401,"estimated"
1,"Tropical & subtropical moist broadleaf forests","Trop. moist forests","def0120_parea",-0.0743698933214316,0.0176941654164904,0.00014352958107694,-0.110131135596709,-0.0386086510461546,3394310,1697155,1697155,41,0.100281034849228,"estimated"
1,"Tropical & subtropical moist broadleaf forests","Trop. moist forests","any_threat",-0.178842979326345,0.0409680217906867,7.58167360461646e-05,-0.2614086020324,-0.0962773566202893,3530516,1765258,1765258,45,0.446853661051246,"estimated"
1,"Tropical & subtropical moist broadleaf forests","Trop. moist forests","threat_composite",-0.0327004977372137,0.00802174381318594,0.000188490159873408,-0.0488672601088035,-0.0165337353656239,3530516,1765258,1765258,45,0.0581067266226784,"estimated"
2,"Tropical & subtropical dry broadleaf forests","Trop. dry forests","built",-368.228229410754,565.88560234301,0.523931045191424,-1562.14248850563,825.686029684119,101582,50791,50791,18,1854.34139906703,"estimated"
2,"Tropical & subtropical dry broadleaf forests","Trop. dry forests","cropland",-3.32228150656589,0.881908582852405,0.00153662627023791,-5.1829459728928,-1.46161704023898,101582,50791,50791,18,6.27520623732649,"estimated"
2,"Tropical & subtropical dry broadleaf forests","Trop. dry forests","planted",-0.501186383225985,0.761856682283465,0.521306096115701,-2.13520645348878,1.13283368703681,82604,41302,41302,15,1.1863832259941,"estimated"
2,"Tropical & subtropical dry broadleaf forests","Trop. dry forests","pasture",-291.273488022147,74.126459396822,0.00108051215504907,-447.666646787191,-134.880329257103,99446,49723,49723,18,1598.25918388939,"estimated"
2,"Tropical & subtropical dry broadleaf forests","Trop. dry forests","oil",NA,NA,NA,NA,NA,69444,34722,34722,9,0,"error: in feols(f, data = d_bio, cluster = ""country_rast""): 
The dependent variable is a constant. The estimation with fixed-effects
cannot be done."
2,"Tropical & subtropical dry broadleaf forests","Trop. dry forests","mining",0.0118680275338239,0.00702170394515757,0.111660188336727,-0.00309838014913749,0.0268344352167853,101112,50556,50556,16,0.00197800458896981,"estimated"
2,"Tropical & subtropical dry broadleaf forests","Trop. dry forests","renewables",1.48009335203911e-16,8.38780496486862e-16,0.862019409412988,-1.62166282266683e-15,1.91768149307466e-15,101582,50791,50791,18,0.00196885274950273,"estimated"
2,"Tropical & subtropical dry broadleaf forests","Trop. dry forests","roads",-4.467326888622,1.28420930560265,0.00287396811285065,-7.17677168678097,-1.75788209046303,101582,50791,50791,18,18.1587289086667,"estimated"
2,"Tropical & subtropical dry broadleaf forests","Trop. dry forests","powerlines",-1.95507078025637,1.11702211057449,0.0980999360827442,-4.31178142993067,0.401639869417936,101582,50791,50791,18,6.61534523832964,"estimated"
2,"Tropical & subtropical dry broadleaf forests","Trop. dry forests","fires",0.724394528551425,0.661199379016101,0.289481906274923,-0.677285538866609,2.12607459596946,101326,50663,50663,17,0.18356591595444,"estimated"
2,"Tropical & subtropical dry broadleaf forests","Trop. dry forests","swu",19.0869061413673,8.56092706335495,0.0563376370645617,-0.654627067910429,38.8284393506451,1726,863,863,9,-25.6396292004634,"estimated"
2,"Tropical & subtropical dry broadleaf forests","Trop. dry forests","dams",0.0216573802445308,0.00715696208416442,0.00761912063717829,0.0065575101493983,0.0367572503396633,101582,50791,50791,18,0.00984426374750795,"estimated"
2,"Tropical & subtropical dry broadleaf forests","Trop. dry forests","light",-0.396881337244794,0.107074788623459,0.0017526108226031,-0.622789394275778,-0.170973280213811,101582,50791,50791,18,4.14973125159935,"estimated"
2,"Tropical & subtropical dry broadleaf forests","Trop. dry forests","def0120_parea",-0.046162084896145,0.0172323567864987,0.0179876073208615,-0.0831218143332774,-0.00920235545901268,43724,21862,21862,15,0.097884264934565,"estimated"
2,"Tropical & subtropical dry broadleaf forests","Trop. dry forests","any_threat",-0.0557579098659258,0.0239981084570281,0.0328132842969989,-0.106389492927097,-0.00512632680475448,101582,50791,50791,18,0.894115099131736,"estimated"
2,"Tropical & subtropical dry broadleaf forests","Trop. dry forests","threat_composite",-0.0270083809221873,0.00501908485021363,4.97611350847979e-05,-0.0375977243256352,-0.0164190375187393,101582,50791,50791,18,0.110094579314123,"estimated"
3,"Tropical & subtropical coniferous forests","Trop. conif. forests","built",-223.983217983498,58.6845775542674,0.0065701251096957,-362.750193262796,-85.2162427041994,109522,54761,54761,8,2555.82602581933,"estimated"
3,"Tropical & subtropical coniferous forests","Trop. conif. forests","cropland",-0.419988678073869,0.128083793743406,0.0135053830942692,-0.722858722995536,-0.117118633152203,109522,54761,54761,8,1.2635634849624,"estimated"
3,"Tropical & subtropical coniferous forests","Trop. conif. forests","planted",0.118697613264928,0.0459663693185535,0.0363518250938449,0.0100044216166063,0.22739080491325,109522,54761,54761,8,0.608097003341736,"estimated"
3,"Tropical & subtropical coniferous forests","Trop. conif. forests","pasture",-80.4572337420658,59.0401051758361,0.215175542550898,-220.064898257436,59.1504307733049,109522,54761,54761,8,1149.33030814421,"estimated"
3,"Tropical & subtropical coniferous forests","Trop. conif. forests","oil",NA,NA,NA,NA,NA,104240,52120,52120,4,0,"error: in feols(f, data = d_bio, cluster = ""country_rast""): 
The dependent variable is a constant. The estimation with fixed-effects
cannot be done."
3,"Tropical & subtropical coniferous forests","Trop. conif. forests","mining",-0.0780944943381582,0.00435630222896468,9.91792012990418e-06,-0.0892927257184768,-0.0668962629578397,107562,53781,53781,6,0.18222048678903,"estimated"
3,"Tropical & subtropical coniferous forests","Trop. conif. forests","renewables",-5.69509074098111e-16,8.4828713838714e-16,0.523518254422538,-2.57538941384259e-15,1.43637126564636e-15,109522,54761,54761,8,0.00182611712715308,"estimated"
3,"Tropical & subtropical coniferous forests","Trop. conif. forests","roads",-1.67637552272535,0.253197371045111,0.000298478673025724,-2.27509216673816,-1.07765887871255,109522,54761,54761,8,18.0639506217941,"estimated"
3,"Tropical & subtropical coniferous forests","Trop. conif. forests","powerlines",-0.147915487299316,0.508428553357878,0.779538337592665,-1.35015797477159,1.05432700017296,109522,54761,54761,8,6.3567137196189,"estimated"
3,"Tropical & subtropical coniferous forests","Trop. conif. forests","fires",0.0146896804994511,0.000982128814007134,5.62415752511846e-06,0.0122864978651061,0.0170928631337961,108920,54460,54460,7,0.0220345207491651,"estimated"
3,"Tropical & subtropical coniferous forests","Trop. conif. forests","swu",-32,18.8019770712401,0.0955152632190488,-69.8464168976833,5.84641689768327,48,24,24,1,2.54166666666666,"estimated"
3,"Tropical & subtropical coniferous forests","Trop. conif. forests","dams",0.0164350541443756,0.00745587275787955,0.0633268647522005,-0.00119528339569637,0.0340653916844476,109522,54761,54761,8,0.021913405525835,"estimated"
3,"Tropical & subtropical coniferous forests","Trop. conif. forests","light",0.198991983345881,0.0242106643068379,7.66696827662564e-05,0.14174285937876,0.256241107313002,109522,54761,54761,8,4.22862986431833,"estimated"
3,"Tropical & subtropical coniferous forests","Trop. conif. forests","def0120_parea",-0.00246883103156717,0.000806653226475594,0.0280832760658223,-0.00454239916320276,-0.00039526289993158,56768,28384,28384,6,0.0202907835400252,"estimated"
3,"Tropical & subtropical coniferous forests","Trop. conif. forests","any_threat",-0.0240499625645983,0.000791374213234218,1.07756801440549e-08,-0.0259212652212971,-0.0221786599078995,109522,54761,54761,8,0.773871916144702,"estimated"
3,"Tropical & subtropical coniferous forests","Trop. conif. forests","threat_composite",-0.0041009620123947,0.00178088860909529,0.0547677695634305,-0.00831209440684676,0.00011017038205736,109522,54761,54761,8,0.0781022954926632,"estimated"
4,"Temperate broadleaf & mixed forests","Temp. broadleaf forests","built",-1824.06032052871,362.424622606436,1.19778991428083e-05,-2557.75061139118,-1090.37002966625,718064,359032,359032,39,5905.9755230731,"estimated"
4,"Temperate broadleaf & mixed forests","Temp. broadleaf forests","cropland",-5.86259999108778,1.88314935313888,0.0035087495250589,-9.67483655135672,-2.05036343081884,718064,359032,359032,39,16.1076839947532,"estimated"
4,"Temperate broadleaf & mixed forests","Temp. broadleaf forests","planted",3.56763598528216,1.54497576764605,0.0298535582877608,0.378962720687329,6.756309249877,372908,186454,186454,25,12.1182704581286,"estimated"
4,"Temperate broadleaf & mixed forests","Temp. broadleaf forests","pasture",-224.999953816586,62.1655118484033,0.000857730949092526,-350.847453199094,-99.1524544340784,706710,353355,353355,39,916.978903440067,"estimated"
4,"Temperate broadleaf & mixed forests","Temp. broadleaf forests","oil",0.00122641451584217,0.00121286683885153,0.338346199124373,-0.00151728089118624,0.00397010992287058,326154,163077,163077,10,0,"estimated"
4,"Temperate broadleaf & mixed forests","Temp. broadleaf forests","mining",-0.091407678244959,0.0703711088586364,0.20270571422737,-0.234418977837522,0.0516036213476043,695784,347892,347892,35,0.218171156565797,"estimated"
4,"Temperate broadleaf & mixed forests","Temp. broadleaf forests","renewables",-0.0648272855809455,0.0439962972205055,0.149314833672589,-0.154055912039206,0.0244013408773146,715748,357874,357874,37,0.153685375299591,"estimated"
4,"Temperate broadleaf & mixed forests","Temp. broadleaf forests","roads",-2.74599478597938,0.797065056530425,0.00140674162177628,-4.35956863467774,-1.13242093728103,718064,359032,359032,39,25.1523541077172,"estimated"
4,"Temperate broadleaf & mixed forests","Temp. broadleaf forests","powerlines",-2.90531206132056,0.526240978053001,2.58507975295644e-06,-3.97063122610238,-1.83999289653874,718064,359032,359032,39,14.6686089262161,"estimated"
4,"Temperate broadleaf & mixed forests","Temp. broadleaf forests","fires",0.209371005421537,0.179441513465259,0.25637360548793,-0.163798050299704,0.582540061142779,544488,272244,272244,22,1.06118041168706,"estimated"
4,"Temperate broadleaf & mixed forests","Temp. broadleaf forests","swu",1.01228901391768,0.848760507266221,0.242347823471998,-0.72111119206839,2.74568921990375,13508,6754,6754,31,-5.68492745039953,"estimated"
4,"Temperate broadleaf & mixed forests","Temp. broadleaf forests","dams",0.0465139597584397,0.0157676259924211,0.0054153713836384,0.0145940697206358,0.0784338497962435,718064,359032,359032,39,0.0247888767574728,"estimated"
4,"Temperate broadleaf & mixed forests","Temp. broadleaf forests","light",-0.518427326812212,0.11602565670319,6.88109855320668e-05,-0.753308989106202,-0.283545664518221,718064,359032,359032,39,5.37650961474018,"estimated"
4,"Temperate broadleaf & mixed forests","Temp. broadleaf forests","def0120_parea",-0.0211108306562712,0.0136151812237913,0.129760547095844,-0.048723698018504,0.0065020367059616,475022,237511,237511,37,0.0869513588844137,"estimated"
4,"Temperate broadleaf & mixed forests","Temp. broadleaf forests","any_threat",-0.0637046279997168,0.0250170676079074,0.0150571742725234,-0.114349033663356,-0.0130602223360778,718064,359032,359032,39,0.837602219300787,"estimated"
4,"Temperate broadleaf & mixed forests","Temp. broadleaf forests","threat_composite",-0.0283992043346072,0.00543842432268103,6.62436924622307e-06,-0.0394087187943196,-0.0173896898748948,718064,359032,359032,39,0.141545258509004,"estimated"
5,"Temperate coniferous forests","Temp. conif. forests","built",-587.790016384178,352.901742357084,0.109358920491349,-1317.8228914413,142.242858672946,224608,112304,112304,24,1493.94942299477,"estimated"
5,"Temperate coniferous forests","Temp. conif. forests","cropland",-0.547941302179846,0.249709598241367,0.0385770271129118,-1.06450496297653,-0.0313776413831597,224608,112304,112304,24,1.37190126798709,"estimated"
5,"Temperate coniferous forests","Temp. conif. forests","planted",-2.27097317398327,1.77092060300052,0.222108884684651,-6.09681453778979,1.55486818982324,85514,42757,42757,14,16.9282222793933,"estimated"
5,"Temperate coniferous forests","Temp. conif. forests","pasture",-76.0584215814525,34.3835474334635,0.0371697537531574,-147.186208652891,-4.93063451001392,223446,111723,111723,24,415.830064187461,"estimated"
5,"Temperate coniferous forests","Temp. conif. forests","oil",NA,NA,NA,NA,NA,111984,55992,55992,11,0,"error: in feols(f, data = d_bio, cluster = ""country_rast""): 
The dependent variable is a constant. The estimation with fixed-effects
cannot be done."
5,"Temperate coniferous forests","Temp. conif. forests","mining",-0.0633020139083552,0.0267991470186522,0.0279056578110577,-0.119033891075237,-0.00757013674147345,221162,110581,110581,22,0.0822926180808853,"estimated"
5,"Temperate coniferous forests","Temp. conif. forests","renewables",-0.0507550933181446,0.050458913196955,0.324944006430315,-0.1551373081165,0.0536271214802105,224608,112304,112304,24,0.0552072944864083,"estimated"
5,"Temperate coniferous forests","Temp. conif. forests","roads",-0.030274967944074,0.735280797304204,0.967511969086572,-1.5513191850824,1.49076924919425,224608,112304,112304,24,8.63637982618969,"estimated"
5,"Temperate coniferous forests","Temp. conif. forests","powerlines",-1.89930901837883,0.669455855520021,0.00933748650760756,-3.28418396873992,-0.514434068017746,224608,112304,112304,24,6.23486251603046,"estimated"
5,"Temperate coniferous forests","Temp. conif. forests","fires",-0.00537692224970422,0.00456348903225418,0.257052506393296,-0.0151037688736694,0.00434992437426096,185980,92990,92990,16,0.00967846004946252,"estimated"
5,"Temperate coniferous forests","Temp. conif. forests","swu",-2.01376146788991,1.69473357841588,0.259758222167371,-5.74384492429226,1.71632198851244,3052,1526,1526,12,-5.52948885976407,"estimated"
5,"Temperate coniferous forests","Temp. conif. forests","dams",0.0186992449066837,0.0194255669634046,0.345755377132006,-0.021485602028868,0.0588840918422354,224608,112304,112304,24,0.0284940874768419,"estimated"
5,"Temperate coniferous forests","Temp. conif. forests","light",-0.167473999145182,0.102354072368576,0.115405438344147,-0.37920952990782,0.0442615316174552,224608,112304,112304,24,2.54291921926263,"estimated"
5,"Temperate coniferous forests","Temp. conif. forests","def0120_parea",-0.0123574184139083,0.00614303603105146,0.0566676886294131,-0.0250972953938699,0.000382458566053401,127534,63767,63767,23,0.0633013016136815,"estimated"
5,"Temperate coniferous forests","Temp. conif. forests","any_threat",-0.0259296196039301,0.0219412549006974,0.249370125757648,-0.0713185635364021,0.0194593243285418,224608,112304,112304,24,0.582080780737997,"estimated"
5,"Temperate coniferous forests","Temp. conif. forests","threat_composite",-0.00784389462020344,0.00257233864697017,0.00569003142306068,-0.0131651825388333,-0.00252260670157356,224608,112304,112304,24,0.0569733281621351,"estimated"
6,"Boreal forests/taiga","Boreal forests/taiga","built",-36.1524662856289,22.9825764792115,0.176519474646836,-95.2310599192123,22.9261273479545,874108,437054,437054,6,53.4373418386289,"estimated"
6,"Boreal forests/taiga","Boreal forests/taiga","cropland",-0.0661615500425464,0.0567220894524362,0.296049701248457,-0.211970322868317,0.0796472227832244,855512,427756,427756,6,0.136806964718193,"estimated"
6,"Boreal forests/taiga","Boreal forests/taiga","planted",NA,NA,NA,NA,NA,13452,6726,6726,1,0,"error: in feols(f, data = d_bio, vcov = ""hetero""): 
The dependent variable is a constant. The estimation cannot be done. If you
really want to carry on, please remove the intercept first."
6,"Boreal forests/taiga","Boreal forests/taiga","pasture",-1.53355279258494,0.441764805803673,0.0178220800516947,-2.66914537800726,-0.397960207162616,865294,432647,432647,6,9.60835980287412,"estimated"
6,"Boreal forests/taiga","Boreal forests/taiga","oil",NA,NA,NA,NA,NA,837454,418727,418727,2,0,"error: in feols(f, data = d_bio, cluster = ""country_rast""): 
The dependent variable is a constant. The estimation with fixed-effects
cannot be done."
6,"Boreal forests/taiga","Boreal forests/taiga","mining",-0.0829691020313786,0.00908890982289172,0.000799030675374388,-0.10820396122073,-0.0577342428420267,872614,436307,436307,5,0.0864070482482453,"estimated"
6,"Boreal forests/taiga","Boreal forests/taiga","renewables",-0.00251685146457873,0.00233715386514865,0.330722756355609,-0.00852469673741705,0.00349099380825959,874108,437054,437054,6,0.00366087485756169,"estimated"
6,"Boreal forests/taiga","Boreal forests/taiga","roads",-0.397662531403515,0.20762546797408,0.11361310842318,-0.931380787993174,0.136055725186143,874108,437054,437054,6,1.28405185629432,"estimated"
6,"Boreal forests/taiga","Boreal forests/taiga","powerlines",-0.46950720048332,0.20331133817758,0.0689673134463634,-0.99213563338152,0.0531212324148805,874108,437054,437054,6,1.08659341866359,"estimated"
6,"Boreal forests/taiga","Boreal forests/taiga","fires",-0.0429874357278179,0.0511401796839847,0.555002745358365,-0.692785029037289,0.606810157581654,837454,418727,418727,2,0.151888939571863,"estimated"
6,"Boreal forests/taiga","Boreal forests/taiga","swu",-0.870802486489942,0.0548117904011481,1.79810265115171e-05,-1.01170067927384,-0.729904293706046,128052,64026,64026,6,-1.1398806734766,"estimated"
6,"Boreal forests/taiga","Boreal forests/taiga","dams",-0.00160163275018618,0.00104755184078669,0.1868274012031,-0.00429445048399984,0.00109118498362748,874108,437054,437054,6,0.00160163275019171,"estimated"
6,"Boreal forests/taiga","Boreal forests/taiga","light",-0.116850549360053,0.0218425966651999,0.00306502017067518,-0.172998731590746,-0.0607023671293602,874108,437054,437054,6,0.491605156342847,"estimated"
6,"Boreal forests/taiga","Boreal forests/taiga","def0120_parea",-0.0176687017392783,0.00524044039669127,0.028002048903544,-0.0322184968277525,-0.00311890665080402,185710,92855,92855,5,0.0840552603521712,"estimated"
6,"Boreal forests/taiga","Boreal forests/taiga","any_threat",-0.0288476938776446,0.0155990071779152,0.12365537707105,-0.068946218383154,0.0112508306278647,874108,437054,437054,6,0.314167128089435,"estimated"
6,"Boreal forests/taiga","Boreal forests/taiga","threat_composite",-0.00525472029722025,0.00409529986006917,0.255706913261718,-0.015782023728998,0.00527258313455749,874108,437054,437054,6,0.0526749775572928,"estimated"
7,"Tropical & subtropical grasslands, savannas & shrublands","Trop. grasslands","built",-74.4457734709222,87.7351507994271,0.401193212711752,-251.765127616454,102.87358067461,1748314,874157,874157,41,634.16307025117,"estimated"
7,"Tropical & subtropical grasslands, savannas & shrublands","Trop. grasslands","cropland",-1.14167592320431,0.58139910680979,0.0565456583201585,-2.31672734992363,0.0333755035150007,1748314,874157,874157,41,3.20962367172163,"estimated"
7,"Tropical & subtropical grasslands, savannas & shrublands","Trop. grasslands","planted",-0.0782681945915315,0.0431521090419457,0.0791000667904348,-0.166166164339697,0.00962977515663388,904582,452291,452291,33,0.194122810314881,"estimated"
7,"Tropical & subtropical grasslands, savannas & shrublands","Trop. grasslands","pasture",-110.837336748358,100.771996599454,0.277959013029995,-314.505139107542,92.8304656108264,1739292,869646,869646,41,931.933941279928,"estimated"
7,"Tropical & subtropical grasslands, savannas & shrublands","Trop. grasslands","oil",-0.000291279386449072,0.000130421449840297,0.0669547793035003,-0.000610409177706803,2.78504048086597e-05,686626,343313,343313,7,0.00029127938644892,"estimated"
7,"Tropical & subtropical grasslands, savannas & shrublands","Trop. grasslands","mining",-0.0445059835821987,0.0199493635649891,0.0330562039917183,-0.0851929788200445,-0.00381898834435292,1698648,849324,849324,32,0.0593413114424801,"estimated"
7,"Tropical & subtropical grasslands, savannas & shrublands","Trop. grasslands","renewables",-0.000672168590637524,0.00052475803639977,0.211980454235959,-0.00175292799746997,0.00040859081619492,1487722,743861,743861,26,0.000941036026894743,"estimated"
7,"Tropical & subtropical grasslands, savannas & shrublands","Trop. grasslands","roads",-0.266313717101213,0.303721077543723,0.385811367699326,-0.880156912442135,0.34752947823971,1748314,874157,874157,41,6.20769495638667,"estimated"
7,"Tropical & subtropical grasslands, savannas & shrublands","Trop. grasslands","powerlines",-0.252357414057359,0.266986569931861,0.350228440386218,-0.791957400088927,0.287242571974209,1748314,874157,874157,41,1.58461237512076,"estimated"
7,"Tropical & subtropical grasslands, savannas & shrublands","Trop. grasslands","fires",-0.273016592858199,0.226754721185321,0.235839798828768,-0.731671308475215,0.185638122758817,1746414,873207,873207,40,1.48097759179499,"estimated"
7,"Tropical & subtropical grasslands, savannas & shrublands","Trop. grasslands","swu",-0.511287560330062,5.55332990166537,0.927235907815186,-11.8373785670518,10.8148034463917,12846,6423,6423,32,-30.4778141055583,"estimated"
7,"Tropical & subtropical grasslands, savannas & shrublands","Trop. grasslands","dams",-0.0133112482362849,0.0136509380672292,0.335835228862685,-0.0409706760613819,0.014348179588812,1727862,863931,863931,38,0.0175939976687307,"estimated"
7,"Tropical & subtropical grasslands, savannas & shrublands","Trop. grasslands","light",0.275424208694444,0.236818860543863,0.251714326063463,-0.20320456231113,0.754052979700018,1748314,874157,874157,41,2.02675949514837,"estimated"
7,"Tropical & subtropical grasslands, savannas & shrublands","Trop. grasslands","def0120_parea",-0.038945117449156,0.0116404183708232,0.002504792815317,-0.0628723400885025,-0.0150178948098096,134356,67178,67178,27,0.0946568028223498,"estimated"
7,"Tropical & subtropical grasslands, savannas & shrublands","Trop. grasslands","any_threat",-0.0191601737445538,0.0394866802476818,0.630159378546052,-0.0989657314380362,0.0606453839489286,1748314,874157,874157,41,0.536739967763228,"estimated"
7,"Tropical & subtropical grasslands, savannas & shrublands","Trop. grasslands","threat_composite",-0.00712214688399183,0.0052163401189669,0.179771928169311,-0.0176647635259031,0.00342046975791947,1748314,874157,874157,41,0.0532488260205753,"estimated"
8,"Temperate grasslands, savannas & shrublands","Temp. grasslands","built",-452.410604075695,169.195211500556,0.0154857400562743,-807.876553020457,-96.9446551309338,274800,137400,137400,19,1260.38778020346,"estimated"
8,"Temperate grasslands, savannas & shrublands","Temp. grasslands","cropland",-10.5575400291148,2.72392721074287,0.00110743537343111,-16.2802987421768,-4.8347813160528,274800,137400,137400,19,19.2067758369655,"estimated"
8,"Temperate grasslands, savannas & shrublands","Temp. grasslands","planted",7.83813343055035,6.56303222186813,0.285928054227769,-9.03267798567971,24.7089448467804,21944,10972,10972,6,2.64309150565082,"estimated"
8,"Temperate grasslands, savannas & shrublands","Temp. grasslands","pasture",-53.9986084641222,22.9289479662083,0.0300698029126176,-102.170540605869,-5.82667632237522,273088,136544,136544,19,403.879781783287,"estimated"
8,"Temperate grasslands, savannas & shrublands","Temp. grasslands","oil",-0.00455938138313393,0.00517938612875835,0.40436826519755,-0.0165030672138698,0.00738430444760191,219328,109664,109664,9,0.0136781441493973,"estimated"
8,"Temperate grasslands, savannas & shrublands","Temp. grasslands","mining",-0.438136826783124,0.184433422080768,0.028834068532809,-0.825617068189689,-0.0506565853765594,274800,137400,137400,19,0.449053857350971,"estimated"
8,"Temperate grasslands, savannas & shrublands","Temp. grasslands","renewables",-0.00218412143715183,0.00222276703168641,0.339576271175179,-0.00687374994649814,0.00250550707219447,274710,137355,137355,18,0.00291216191619875,"estimated"
8,"Temperate grasslands, savannas & shrublands","Temp. grasslands","roads",-1.94905385735061,1.09398812061491,0.0916935050592109,-4.24743761171234,0.34932989701112,274800,137400,137400,19,8.78748180494887,"estimated"
8,"Temperate grasslands, savannas & shrublands","Temp. grasslands","powerlines",-1.27583697234339,0.412622612125341,0.00628811825211989,-2.14272491245935,-0.408949032227435,274800,137400,137400,19,5.42358078602463,"estimated"
8,"Temperate grasslands, savannas & shrublands","Temp. grasslands","fires",-0.31663997670697,0.291474085416416,0.292492873187909,-0.931596542653244,0.298316589239304,274760,137380,137380,18,0.368321444169135,"estimated"
8,"Temperate grasslands, savannas & shrublands","Temp. grasslands","swu",4.674609929078,6.65741594631232,0.498593039553784,-10.1590371947334,19.5082570528894,7050,3525,3525,11,-24.3974468085106,"estimated"
8,"Temperate grasslands, savannas & shrublands","Temp. grasslands","dams",-0.0203814237880311,0.0222566451408654,0.372608241534684,-0.0673388404165372,0.026575992840475,274760,137380,137380,18,0.0283884117047429,"estimated"
8,"Temperate grasslands, savannas & shrublands","Temp. grasslands","light",-0.28157205240172,0.175652874469636,0.126336617891259,-0.65060504780667,0.0874609430032311,274800,137400,137400,19,2.25017467248952,"estimated"
8,"Temperate grasslands, savannas & shrublands","Temp. grasslands","def0120_parea",0.0042157108467756,0.00366062496403056,0.271899094547435,-0.00376010578945432,0.0121915274830055,28248,14124,14124,13,0.0138479184367093,"estimated"
8,"Temperate grasslands, savannas & shrublands","Temp. grasslands","any_threat",-0.0811353711790322,0.0209984843481604,0.00113741145845798,-0.125251549757739,-0.0370191926003256,274800,137400,137400,19,0.535764192139738,"estimated"
8,"Temperate grasslands, savannas & shrublands","Temp. grasslands","threat_composite",-0.0292748591853053,0.00654267814005936,0.000293066089549636,-0.0430205158919593,-0.0155292024786514,274800,137400,137400,19,0.0805061648616231,"estimated"
9,"Flooded grasslands & savannas","Flooded grasslands","built",-116.119578122305,179.640964683069,0.525753389168206,-492.112438361081,259.873282116471,173510,86755,86755,20,1156.68251973887,"estimated"
9,"Flooded grasslands & savannas","Flooded grasslands","cropland",-1.38288283096091,1.09705781131961,0.222736541544544,-3.67905121912938,0.913285557207565,173510,86755,86755,20,4.09621347473023,"estimated"
9,"Flooded grasslands & savannas","Flooded grasslands","planted",NA,NA,NA,NA,NA,38924,19462,19462,10,0,"error: in feols(f, data = d_bio, cluster = ""country_rast""): 
The dependent variable is a constant. The estimation with fixed-effects
cannot be done."
9,"Flooded grasslands & savannas","Flooded grasslands","pasture",188.572464710071,402.985150757231,0.645151188903409,-654.885149394172,1032.03007881432,172980,86490,86490,20,1676.73897460028,"estimated"
9,"Flooded grasslands & savannas","Flooded grasslands","oil",0.00390594484805865,0.00424505446612838,0.388120261531601,-0.00613201389188077,0.0139439035879981,51204,25602,25602,8,0,"estimated"
9,"Flooded grasslands & savannas","Flooded grasslands","mining",0.00274190452688438,0.00271023361814691,0.326744028384372,-0.00300353408235285,0.00848734313612161,145884,72942,72942,17,0,"estimated"
9,"Flooded grasslands & savannas","Flooded grasslands","renewables",NA,NA,NA,NA,NA,138042,69021,69021,16,0,"error: in feols(f, data = d_bio, cluster = ""country_rast""): 
The dependent variable is a constant. The estimation with fixed-effects
cannot be done."
9,"Flooded grasslands & savannas","Flooded grasslands","roads",-5.6492421186112,2.26765429502697,0.0221459784272528,-10.395497105185,-0.902987132037446,173510,86755,86755,20,11.688087141949,"estimated"
9,"Flooded grasslands & savannas","Flooded grasslands","powerlines",-0.311221255259077,0.509985481919172,0.548923222661022,-1.37863313631492,0.756190625796766,173510,86755,86755,20,1.71978560313586,"estimated"
9,"Flooded grasslands & savannas","Flooded grasslands","fires",0.266270143163443,0.218469284326306,0.238653405414191,-0.192716791393379,0.725257077720265,173508,86754,86754,19,0.813795329321881,"estimated"
9,"Flooded grasslands & savannas","Flooded grasslands","swu",-14.2791297748544,9.60373617200726,0.175371344999605,-36.425385100913,7.86712555120412,39530,19765,19765,9,-10.7724260055655,"estimated"
9,"Flooded grasslands & savannas","Flooded grasslands","dams",NA,NA,NA,NA,NA,146088,73044,73044,19,0,"error: in feols(f, data = d_bio, cluster = ""country_rast""): 
The dependent variable is a constant. The estimation with fixed-effects
cannot be done."
9,"Flooded grasslands & savannas","Flooded grasslands","light",-0.903728891706548,0.973542947469777,0.364901487418706,-2.94137769876036,1.13391991534726,173510,86755,86755,20,4.49602904731808,"estimated"
9,"Flooded grasslands & savannas","Flooded grasslands","def0120_parea",-0.00969562368361365,0.0172187075486167,0.587127521670884,-0.0486470462988445,0.0292557989316172,8546,4273,4273,10,0.0254412590685897,"estimated"
9,"Flooded grasslands & savannas","Flooded grasslands","any_threat",-0.0737248573569056,0.0586965491866424,0.224329494969064,-0.196578146715309,0.0491284320014973,173510,86755,86755,20,0.930943461471961,"estimated"
9,"Flooded grasslands & savannas","Flooded grasslands","threat_composite",-0.00734563765247398,0.0214828236675354,0.736156055144027,-0.0523097043452377,0.0376184290402897,173510,86755,86755,20,0.111044736090698,"estimated"
10,"Montane grasslands & shrublands","Montane grasslands","built",105.267593327114,160.111563641273,0.517139069869117,-225.186432572123,435.721619226352,173958,86979,86979,25,1301.54126858183,"estimated"
10,"Montane grasslands & shrublands","Montane grasslands","cropland",1.23962105795635,1.32007696508627,0.357059457957197,-1.4848838915235,3.9641260074362,173958,86979,86979,25,9.29618643581034,"estimated"
10,"Montane grasslands & shrublands","Montane grasslands","planted",-0.332905831309517,0.311810507939402,0.305102393567081,-1.00653147941754,0.340719816798509,73294,36647,36647,14,0.755859961252128,"estimated"
10,"Montane grasslands & shrublands","Montane grasslands","pasture",421.79648966143,424.835445695625,0.33068988459985,-455.020775638371,1298.61375496123,173952,86976,86976,25,2189.15061103673,"estimated"
10,"Montane grasslands & shrublands","Montane grasslands","oil",NA,NA,NA,NA,NA,91050,45525,45525,9,0,"error: in feols(f, data = d_bio, cluster = ""country_rast""): 
The dependent variable is a constant. The estimation with fixed-effects
cannot be done."
10,"Montane grasslands & shrublands","Montane grasslands","mining",-0.140675005568375,0.095113277854663,0.15331032319824,-0.337927870911233,0.0565778597744832,170606,85303,85303,23,0.160603964690643,"estimated"
10,"Montane grasslands & shrublands","Montane grasslands","renewables",NA,NA,NA,NA,NA,173460,86730,86730,21,0,"error: in feols(f, data = d_bio, cluster = ""country_rast""): 
The dependent variable is a constant. The estimation with fixed-effects
cannot be done."
10,"Montane grasslands & shrublands","Montane grasslands","roads",-0.341461732142248,0.460731609252923,0.465805391710538,-1.29236503777592,0.609441573491425,173958,86979,86979,25,8.69750169581221,"estimated"
10,"Montane grasslands & shrublands","Montane grasslands","powerlines",-0.128766713804488,0.241879143361418,0.599371404188798,-0.627980729875938,0.370447302266963,173958,86979,86979,25,2.47760953793422,"estimated"
10,"Montane grasslands & shrublands","Montane grasslands","fires",0.48373562367343,0.485091400984416,0.330017518933594,-0.525067169772108,1.49253841711897,162072,81036,81036,22,0.22705957845872,"estimated"
10,"Montane grasslands & shrublands","Montane grasslands","swu",-1.625,3.68914613887403,0.675014478373847,-10.6520154078166,7.40201540781656,112,56,56,7,6.55357142857143,"estimated"
10,"Montane grasslands & shrublands","Montane grasslands","dams",0.00229940560365168,0.00762857637747903,0.765690430151688,-0.0134452022090968,0.0180440134164002,173958,86979,86979,25,0.0103473252164301,"estimated"
10,"Montane grasslands & shrublands","Montane grasslands","light",-0.258556663102592,0.11127789884982,0.0289445982852603,-0.488222958479725,-0.0288903677254594,173958,86979,86979,25,1.66636774393803,"estimated"
10,"Montane grasslands & shrublands","Montane grasslands","def0120_parea",-0.00212989119062375,0.0243388774379287,0.931181996169637,-0.0530717471255041,0.0488119647442566,19116,9558,9558,20,0.0708598242310059,"estimated"
10,"Montane grasslands & shrublands","Montane grasslands","any_threat",-0.00217293829545035,0.0185748776323383,0.907847264023723,-0.0405096015232499,0.0361637249323492,173958,86979,86979,25,0.45712183400591,"estimated"
10,"Montane grasslands & shrublands","Montane grasslands","threat_composite",0.00310967677068978,0.00516936600541878,0.553108454259424,-0.00755937029242285,0.0137787238338024,173958,86979,86979,25,0.0953253666576767,"estimated"
11,"Tundra","Tundra","built",-1.06385476282513,1.57728556373939,0.529925147402125,-5.11839638258498,2.99068685693472,424244,212122,212122,6,2.49100517626444,"estimated"
11,"Tundra","Tundra","cropland",-0.000997855671854098,0.00134132351557017,0.490377425295654,-0.00444583753669063,0.00245012619298243,282606,141303,141303,6,0.00132339723855647,"estimated"
11,"Tundra","Tundra","planted",NA,NA,NA,NA,NA,2268,1134,1134,1,0,"error: in feols(f, data = d_bio, vcov = ""hetero""): 
The dependent variable is a constant. The estimation cannot be done. If you
really want to carry on, please remove the intercept first."
11,"Tundra","Tundra","pasture",-5.82304110688317,3.6466179423688,0.171192152374357,-15.1969709510419,3.55088873727553,414780,207390,207390,6,13.590033914739,"estimated"
11,"Tundra","Tundra","oil",NA,NA,NA,NA,NA,414208,207104,207104,3,0,"error: in feols(f, data = d_bio, cluster = ""country_rast""): 
The dependent variable is a constant. The estimation with fixed-effects
cannot be done."
11,"Tundra","Tundra","mining",-0.0169716055610271,0.0137708712526246,0.272576241015058,-0.0523707570639101,0.0184275459418559,424238,212119,212119,6,0.0169716055609701,"estimated"
11,"Tundra","Tundra","renewables",-0.00141428046124398,0.00184871254005559,0.478799021106705,-0.00616654733602395,0.00333798641353598,424244,212122,212122,6,0.00141428046124497,"estimated"
11,"Tundra","Tundra","roads",0.096642498184983,0.212738328954455,0.668668631284021,-0.450218785968962,0.643503782338928,424244,212122,212122,6,0.664711816784817,"estimated"
11,"Tundra","Tundra","powerlines",-0.12398525376906,0.131054158208966,0.387558680329926,-0.460870692345635,0.212900184807515,424244,212122,212122,6,0.385155712278514,"estimated"
11,"Tundra","Tundra","fires",-0.00724273794808403,0.00598075156663699,0.349572523664078,-0.032975835002228,0.01849035910606,414208,207104,207104,3,0.00724273794809036,"estimated"
11,"Tundra","Tundra","swu",1.32807892946246,0.279664166717544,0.0051098056148277,0.609179302419981,2.04697855650495,70544,35272,35272,6,-6.38089702880419,"estimated"
11,"Tundra","Tundra","dams",-0.000942853640829338,0.00123247502670334,0.478799021106566,-0.00411103155734832,0.00222532427568964,424244,212122,212122,6,0.000942853640831798,"estimated"
11,"Tundra","Tundra","light",0.108362168940522,0.238420573223858,0.668519792792956,-0.504517425830726,0.72124176371177,424244,212122,212122,6,1.01964435560769,"estimated"
11,"Tundra","Tundra","def0120_parea",0.00661380449139829,0.00131000096780425,0.0039376273945293,0.00324633979889471,0.00998126918390188,12112,6056,6056,6,0.016186641347433,"estimated"
11,"Tundra","Tundra","any_threat",-0.0022958486154208,0.0229873126820675,0.924324779705167,-0.0613866170460359,0.0567949198151943,424244,212122,212122,6,0.166536238579685,"estimated"
11,"Tundra","Tundra","threat_composite",-0.00104975454861579,0.000606919597997581,0.144257709781032,-0.00260989104292006,0.00051038194568849,424244,212122,212122,6,0.0199006026358702,"estimated"
12,"Mediterranean forests, woodlands & scrub","Mediterranean","built",-1721.40657169148,772.735723239752,0.038897801229302,-3344.86408392747,-97.9490594554829,386628,193314,193314,19,3576.81976473643,"estimated"
12,"Mediterranean forests, woodlands & scrub","Mediterranean","cropland",-9.89870883640212,3.15134226020133,0.0056473637455909,-16.5194332472021,-3.27798442560214,386628,193314,193314,19,16.7322077035332,"estimated"
12,"Mediterranean forests, woodlands & scrub","Mediterranean","planted",3.12875090021605,2.84259211830713,0.294543866212202,-3.1277521683714,9.3852539688035,74982,37491,37491,12,25.6141473953765,"estimated"
12,"Mediterranean forests, woodlands & scrub","Mediterranean","pasture",-59.8782943581411,22.3265341288978,0.0152242213943181,-106.784601991736,-12.971986724546,383118,191559,191559,19,380.915048081396,"estimated"
12,"Mediterranean forests, woodlands & scrub","Mediterranean","oil",-0.0010059451357523,0.00146039038399398,0.540427288713306,-0.00565355911756579,0.0036416688460612,198818,99409,99409,4,0.00100594513575078,"estimated"
12,"Mediterranean forests, woodlands & scrub","Mediterranean","mining",-0.238664728167088,0.116172297696597,0.054750623407518,-0.482733668863311,0.00540421252913537,383802,191901,191901,19,0.272015257867203,"estimated"
12,"Mediterranean forests, woodlands & scrub","Mediterranean","renewables",-0.0838014835966394,0.0496361890817418,0.108600141994637,-0.188083247232042,0.0204802800387636,386628,193314,193314,19,0.16139544988981,"estimated"
12,"Mediterranean forests, woodlands & scrub","Mediterranean","roads",-2.54559938752457,0.646387369858965,0.000963797445385481,-3.90360885939471,-1.18758991565444,386628,193314,193314,19,19.0053488107396,"estimated"
12,"Mediterranean forests, woodlands & scrub","Mediterranean","powerlines",-2.09814084856736,0.908738402351992,0.0330307802448326,-4.00732938688209,-0.188952310252627,386628,193314,193314,19,10.5646771573666,"estimated"
12,"Mediterranean forests, woodlands & scrub","Mediterranean","fires",0.90513192724796,0.621430893951705,0.16585959660626,-0.419416669262207,2.22968052375813,374752,187376,187376,16,0.123815216463251,"estimated"
12,"Mediterranean forests, woodlands & scrub","Mediterranean","swu",1.09273570324575,6.41944018889681,0.86792525644037,-13.036356888612,15.2218282951035,2588,1294,1294,12,-8.92349304482229,"estimated"
12,"Mediterranean forests, woodlands & scrub","Mediterranean","dams",0.0352598338639604,0.0224927316850927,0.135396537407932,-0.0121956818332731,0.082715349561194,385708,192854,192854,18,0.0321486720524199,"estimated"
12,"Mediterranean forests, woodlands & scrub","Mediterranean","light",-0.747266105920826,0.305381391993665,0.0248976241412087,-1.3888486030398,-0.105683608801846,386628,193314,193314,19,6.10810908676965,"estimated"
12,"Mediterranean forests, woodlands & scrub","Mediterranean","def0120_parea",0.00278725843687498,0.00547029171374869,0.617338679420037,-0.00880924195538698,0.0143837588291369,77102,38551,38551,17,0.0865918808850631,"estimated"
12,"Mediterranean forests, woodlands & scrub","Mediterranean","any_threat",-0.0216228519403653,0.00616034933077809,0.0025005549637579,-0.0345652656249811,-0.00868043825574945,386628,193314,193314,19,0.788871990647341,"estimated"
12,"Mediterranean forests, woodlands & scrub","Mediterranean","threat_composite",-0.0214065614390481,0.00185160305476504,9.1720947018727e-10,-0.0252966351065816,-0.0175164877715146,386628,193314,193314,19,0.123712817456961,"estimated"
13,"Deserts & xeric shrublands","Deserts & xeric","built",-685.790373203874,569.130132718749,0.236295581863504,-1841.18596784238,469.605221434629,2650186,1325093,1325093,36,843.00968912684,"estimated"
13,"Deserts & xeric shrublands","Deserts & xeric","cropland",-0.444420882154762,0.275372977028103,0.115533033044411,-1.00345774604541,0.11461598173589,2650186,1325093,1325093,36,0.602413566449943,"estimated"
13,"Deserts & xeric shrublands","Deserts & xeric","planted",-0.121569198827103,0.105934651232757,0.27037229312797,-0.348776428580336,0.10563803092613,439256,219628,219628,15,0.165734787913848,"estimated"
13,"Deserts & xeric shrublands","Deserts & xeric","pasture",-25.9436821233135,6.65975901197719,0.000421826441906028,-39.4637116937651,-12.4236525528619,2625530,1312765,1312765,36,119.239354231768,"estimated"
13,"Deserts & xeric shrublands","Deserts & xeric","oil",-9.49712711904649e-05,0.000116312034322052,0.426192556284836,-0.000341541769112987,0.000151599226732057,2105900,1052950,1052950,17,9.49712711894159e-05,"estimated"
13,"Deserts & xeric shrublands","Deserts & xeric","mining",-0.15777897951942,0.0854041792579069,0.0739468116367234,-0.331741599920694,0.0161836408818542,2648008,1324004,1324004,33,0.186630856100031,"estimated"
13,"Deserts & xeric shrublands","Deserts & xeric","renewables",-0.00317296273128614,0.0030862586250032,0.311382878429435,-0.00945200311574012,0.00310607765316784,2647368,1323684,1323684,34,0.00407952351163655,"estimated"
13,"Deserts & xeric shrublands","Deserts & xeric","roads",-0.47536286132292,0.301945123416875,0.12440718888724,-1.08834405026805,0.137618327622206,2650186,1325093,1325093,36,3.52126228120983,"estimated"
13,"Deserts & xeric shrublands","Deserts & xeric","powerlines",-0.482154837436492,0.431620528510758,0.271569909976964,-1.35839109436178,0.394081419488801,2650186,1325093,1325093,36,1.43944613700364,"estimated"
13,"Deserts & xeric shrublands","Deserts & xeric","fires",-0.027384282337247,0.0141632701891623,0.0623549466624542,-0.056270462332989,0.00150189765849486,2621942,1310971,1310971,32,0.066134186034515,"estimated"
13,"Deserts & xeric shrublands","Deserts & xeric","swu",0.495517145762164,2.583322670556,0.850301186288017,-4.9808822731479,5.97191656467222,21638,10819,10819,17,-16.3814585451533,"estimated"
13,"Deserts & xeric shrublands","Deserts & xeric","dams",-0.00815600377158208,0.00867110744417884,0.353746941228033,-0.0257975045125908,0.0094854969694266,2623834,1311917,1311917,34,0.00975671479217878,"estimated"
13,"Deserts & xeric shrublands","Deserts & xeric","light",-0.745978584147178,0.674633942106327,0.276376398716697,-2.11555829868402,0.623601130389659,2650186,1325093,1325093,36,1.73889681704641,"estimated"
13,"Deserts & xeric shrublands","Deserts & xeric","def0120_parea",-0.0283897113943013,0.00990592192336281,0.0167853243113539,-0.0504614808964886,-0.00631794189211401,10672,5336,5336,11,0.0562706146926527,"estimated"
13,"Deserts & xeric shrublands","Deserts & xeric","any_threat",-0.0468827470976205,0.0400679660998629,0.249874647950141,-0.128225042745818,0.0344595485505771,2650186,1325093,1325093,36,0.193098144809459,"estimated"
13,"Deserts & xeric shrublands","Deserts & xeric","threat_composite",-0.00980122608899464,0.00702521263642399,0.171761208470695,-0.0240631659598435,0.0044607137818542,2650186,1325093,1325093,36,0.0243270560294821,"estimated"
14,"Mangroves","Mangroves","built",-927.037205909168,979.531752467442,0.358015252038501,-3003.55175872038,1149.47734690205,10966,5483,5483,17,2614.80649279592,"estimated"
14,"Mangroves","Mangroves","cropland",-1.40689403611154,5.16436636234439,0.788780930634889,-12.3548616547654,9.54107358254231,10966,5483,5483,17,5.71256611344162,"estimated"
14,"Mangroves","Mangroves","planted",-3.67518375918797,3.65366875387957,0.332825784201303,-11.5684552161669,4.21808769779093,5714,2857,2857,14,4.30521526076294,"estimated"
14,"Mangroves","Mangroves","pasture",43.25204874825,98.2770730353432,0.666137894848644,-166.220573911877,252.724671408377,9236,4618,4618,16,1170.5866842371,"estimated"
14,"Mangroves","Mangroves","oil",NA,NA,NA,NA,NA,3786,1893,1893,6,0,"error: in feols(f, data = d_bio, cluster = ""country_rast""): 
The dependent variable is a constant. The estimation with fixed-effects
cannot be done."
14,"Mangroves","Mangroves","mining",NA,NA,NA,NA,NA,10936,5468,5468,15,0,"error: in feols(f, data = d_bio, cluster = ""country_rast""): 
The dependent variable is a constant. The estimation with fixed-effects
cannot be done."
14,"Mangroves","Mangroves","renewables",NA,NA,NA,NA,NA,10796,5398,5398,15,0,"error: in feols(f, data = d_bio, cluster = ""country_rast""): 
The dependent variable is a constant. The estimation with fixed-effects
cannot be done."
14,"Mangroves","Mangroves","roads",-7.40470545321904,6.92400137455633,0.300746884132409,-22.0829326589562,7.27352175251817,10966,5483,5483,17,16.2137515958415,"estimated"
14,"Mangroves","Mangroves","powerlines",0.346525624658031,1.82428473372726,0.851736112538075,-3.52078524965883,4.21383649897489,10966,5483,5483,17,4.41364216669701,"estimated"
14,"Mangroves","Mangroves","fires",0.0182949140139041,0.0151262375189868,0.245195757547753,-0.0139458980719696,0.0505357260997779,10932,5466,5466,16,0,"estimated"
14,"Mangroves","Mangroves","swu",12.5913978494624,10.7848300890837,0.267688706343343,-11.1458531307207,36.3286488296454,744,372,372,12,-28.3145161290323,"estimated"
14,"Mangroves","Mangroves","dams",-0.036556388228843,0.0395362281588567,0.369794918909928,-0.120825863771186,0.0477130873134997,10942,5471,5471,16,0.0365563882288414,"estimated"
14,"Mangroves","Mangroves","light",-0.461608608426044,0.400820626386941,0.26638036421367,-1.3113103783409,0.388093161488815,10966,5483,5483,17,4.68046689768371,"estimated"
14,"Mangroves","Mangroves","def0120_parea",-0.0462446231154855,0.0503818298668808,0.37539580611387,-0.155087949215136,0.0625987029841647,3980,1990,1990,14,0.102077788944639,"estimated"
14,"Mangroves","Mangroves","any_threat",0.0957505015502455,0.0872315359471422,0.288598294024315,-0.0891720937633105,0.280673096863802,10966,5483,5483,17,0.739193871967901,"estimated"
14,"Mangroves","Mangroves","threat_composite",-0.0130509525953402,0.0131202116369737,0.334678365143673,-0.0408645587714651,0.0147626535807848,10966,5483,5483,17,0.0884650769300895,"estimated"
