"variable","estimate_type","model_label","coef","se","t_stat","pval","ci_low","ci_high","n_obs","control_mean"
"threat_composite","robustness_1","Unmatched",-0.0504596177121103,0.0110253937712935,-4.57667261222819,9.58733350203942e-06,-0.0722379402960577,-0.0286812951281629,127314386,0.0937171326099195
"threat_composite","robustness_2","Unmatched + FE",-0.0456222988287148,0.0140868876704486,-3.23863580771082,0.00146757022272914,-0.0734479520665735,-0.0177966455908561,127144992,0.0937171326099195
"threat_composite","robustness_3","No FE",-0.0176727976886796,0.00659292600844446,-2.68056969940867,0.00852441033747232,-0.0307439147400441,-0.00460168063731501,11423056,0.0577750289514615
"threat_composite","robustness_4","Country FE",-0.0176727976886594,0.00659292600848238,-2.6805696993902,0.00852441033791226,-0.0307439147400991,-0.00460168063721972,11423056,0.0577750289514615
"threat_composite","robustness_5","Country + Biome FE",-0.0176727976886744,0.0065929303371578,-2.68056793942906,0.00852445226412493,-0.0307439233221342,-0.0046016720552147,11423056,0.0577750289514615
"threat_composite","robustness_6","Country + Biome FE + Controls",-0.0164924371924997,0.00624607953373671,-2.64044623566185,0.0095302921847092,-0.0288758973728556,-0.00410897701214372,11423056,0.0577750289514615
"threat_composite","robustness_7","Country + PA FE",-0.0176727976886632,0.00659930970808174,-2.67797670823366,0.00858638438282487,-0.0307565710454486,-0.00458902433187786,11423056,0.0577750289514615
"threat_composite","robustness_8","Conley SEs",-0.0177382445612083,0.00225791896374718,-7.85601469583763,3.96889943380399e-15,-0.0221636890997724,-0.0133128000226442,1142306,0.0578563505934565
"threat_composite","robustness_9","Frac. logit",-0.398269760711541,0.146131698383311,-2.72541662840911,0.00751480045907496,-0.687990065783436,-0.108549455639647,11423056,0.0577750289514615
