"cov","varnames","mean.u.t","mean.m.t","mean.u.c","mean.m.c","diff.u","diff.u.sd","diff.u.pval","diff.m","diff.m.sd","diff.m.pval","sdiff.u","sdiff.m","sdiff.improve","var.ratio.u","var.ratio.m","var.ratio.improve"
"elevation","Elevation",527.022,516.952,668.784,515.158,-141.763,0.264,0,2,0.348,0,-0.188,0.002,98.735,0.534,1.009,98.646
"pop_2000","Population 2000",12.732,9.693,48.098,9.589,-35.366,0.059,0,0,0.064,0,-0.132,0,99.705,0.111,1.066,97.074
"annual_total_precipitation","Precipitation",959.744,955.013,697.685,946.692,262.058,0.324,0,8,0.462,0,0.361,0.011,96.824,1.457,1.026,93.287
"slope","Slope",1.647,1.557,1.736,1.524,-0.089,0.001,0,0,0.002,0,-0.029,0.011,62.496,1.039,1.07,-78.954
"temperature","Temperature",17.442,17.717,13.161,17.749,4.281,0.005,0,0,0.007,0,0.352,-0.003,99.249,0.848,1,99.911
"access","Access",1406.005,1400.476,909.636,1327.747,496.369,0.57,0,73,0.733,0,0.353,0.052,85.348,0.93,1.105,-38.641
"cropsuit2","Crop suitability",3204.181,3210.652,3092.665,3213.377,111.515,0.645,0,-3,0.914,0,0.068,-0.002,97.556,0.826,1.005,97.464
"forest2000_parea","Forest cover 2000",0.296,0.298,0.098,0.295,0.199,0,0,0,0,0,0.562,0.01,98.299,2.856,1.016,98.502
"all",NA,NA,NA,NA,NA,NA,NA,NA,NA,NA,NA,0.168375,0.010125,NA,NA,NA,NA
